date,Account,daily_pnl,win_rate,average_trade_size,trades_per_day,long_ratio,short_ratio,classification,frequency_segment,consistency_segment,next_day_pnl,target,sentiment_flag
2024-06-12,0x083384f897ee0f19899168e3b1bec365f52a9012,-175611.00005600002,0.0,36736.36242424243,33,1.0,0.0,Greed,Frequent,Consistent,0.0,0,1
2024-11-11,0x083384f897ee0f19899168e3b1bec365f52a9012,0.0,0.0,5089.718248587571,177,0.0,1.0,Extreme Greed,Frequent,Consistent,9482.221441,1,0
2025-01-03,0x083384f897ee0f19899168e3b1bec365f52a9012,9482.221441,0.8,2985.797555555556,45,0.8,0.2,Greed,Frequent,Consistent,76710.0,1,1
2025-02-02,0x083384f897ee0f19899168e3b1bec365f52a9012,76710.0,0.9,185847.0,10,0.9,0.1,Greed,Frequent,Consistent,101011.685664,1,1
2025-03-02,0x083384f897ee0f19899168e3b1bec365f52a9012,101011.685664,0.30512514898688914,23593.019856972587,839,0.4171632896305125,0.5828367103694875,Fear,Frequent,Consistent,533974.662903,1,0
2025-03-03,0x083384f897ee0f19899168e3b1bec365f52a9012,533974.662903,0.8424336973478939,8371.136099843994,641,0.8424336973478939,0.15756630265210608,Fear,Frequent,Consistent,375620.270243,1,0
2025-04-02,0x083384f897ee0f19899168e3b1bec365f52a9012,375620.270243,0.15630885122410546,10576.687156308852,531,0.20903954802259886,0.7909604519774012,Fear,Frequent,Consistent,44400.9058,1,0
2025-05-02,0x083384f897ee0f19899168e3b1bec365f52a9012,44400.9058,0.37142857142857144,26585.06338095238,210,0.37142857142857144,0.6285714285714286,Greed,Frequent,Consistent,,0,1
2024-01-12,0x23e7a7f8d14b550961925fbfdaa92f5d195ba5bd,0.0,0.0,0.06,1,0.0,1.0,Greed,Frequent,Inconsistent,0.0,0,1
2024-06-12,0x23e7a7f8d14b550961925fbfdaa92f5d195ba5bd,0.0,0.0,1426.8700000000001,34,1.0,0.0,Greed,Frequent,Inconsistent,3515.031065,1,1
2024-07-12,0x23e7a7f8d14b550961925fbfdaa92f5d195ba5bd,3515.031065,0.9615384615384616,2001.101153846154,26,0.0,1.0,Fear,Frequent,Inconsistent,0.0,0,0
2024-09-12,0x23e7a7f8d14b550961925fbfdaa92f5d195ba5bd,0.0,0.0,1131.888695652174,46,1.0,0.0,Fear,Frequent,Inconsistent,2517.787385,1,0
2024-10-12,0x23e7a7f8d14b550961925fbfdaa92f5d195ba5bd,2517.787385,0.984375,852.88625,64,0.0,1.0,Neutral,Frequent,Inconsistent,1162.002541,1,0
2025-01-02,0x23e7a7f8d14b550961925fbfdaa92f5d195ba5bd,1162.002541,0.32051282051282054,2094.719358974359,78,0.6794871794871795,0.32051282051282054,Greed,Frequent,Inconsistent,1243.853569,1,1
2025-01-05,0x23e7a7f8d14b550961925fbfdaa92f5d195ba5bd,1243.853569,0.324,815.50576,250,0.676,0.324,Greed,Frequent,Inconsistent,6352.452613,1,1
2025-02-02,0x23e7a7f8d14b550961925fbfdaa92f5d195ba5bd,6352.452613,0.4506769825918762,2792.42166344294,517,0.5222437137330754,0.47775628626692457,Greed,Frequent,Inconsistent,2480.902379,1,1
2025-03-03,0x23e7a7f8d14b550961925fbfdaa92f5d195ba5bd,2480.902379,0.45454545454545453,1999.099181818182,110,0.5454545454545454,0.45454545454545453,Fear,Frequent,Inconsistent,0.0,0,0
2025-03-04,0x23e7a7f8d14b550961925fbfdaa92f5d195ba5bd,0.0,0.0,54768.6,1,1.0,0.0,Extreme Fear,Frequent,Inconsistent,-3169.3554679999997,0,0
2025-04-03,0x23e7a7f8d14b550961925fbfdaa92f5d195ba5bd,-3169.3554679999997,0.0,1756.5103076923076,65,0.8461538461538461,0.15384615384615385,Fear,Frequent,Inconsistent,,0,0
2024-05-12,0x271b280974205ca63b716753467d5a371de622ab,208.81746,0.75,39530.9875,4,0.75,0.25,Greed,Infrequent,Consistent,,0,1
2024-01-12,0x28736f43f1e871e6aa8b1148d38d4994275d72c4,4458.25495,0.5025906735751295,247.12725388601035,193,0.34196891191709844,0.6580310880829016,Greed,Frequent,Consistent,1283.846047,1,1
2024-02-12,0x28736f43f1e871e6aa8b1148d38d4994275d72c4,1283.846047,0.5214285714285715,140.36935714285713,140,0.5,0.5,Greed,Frequent,Consistent,1190.358719,1,1
2024-03-12,0x28736f43f1e871e6aa8b1148d38d4994275d72c4,1190.358719,0.47435897435897434,92.37217948717948,78,0.358974358974359,0.6410256410256411,Extreme Greed,Frequent,Consistent,9066.169646,1,0
2024-04-12,0x28736f43f1e871e6aa8b1148d38d4994275d72c4,9066.169646,0.5357142857142857,165.78285714285715,112,0.26785714285714285,0.7321428571428571,Extreme Greed,Frequent,Consistent,14685.787664,1,0
2024-05-12,0x28736f43f1e871e6aa8b1148d38d4994275d72c4,14685.787664,0.4897959183673469,259.2459183673469,98,0.336734693877551,0.6632653061224489,Greed,Frequent,Consistent,389.176232,1,1
2024-06-12,0x28736f43f1e871e6aa8b1148d38d4994275d72c4,389.176232,0.2318840579710145,129.80536231884057,69,0.391304347826087,0.6086956521739131,Greed,Frequent,Consistent,4008.012049,1,1
2024-07-12,0x28736f43f1e871e6aa8b1148d38d4994275d72c4,4008.012049,0.4186046511627907,159.67825581395348,86,0.23255813953488372,0.7674418604651163,Fear,Frequent,Consistent,554.009942,1,0
2024-08-12,0x28736f43f1e871e6aa8b1148d38d4994275d72c4,554.009942,0.4215686274509804,77.67176470588235,102,0.30392156862745096,0.696078431372549,Fear,Frequent,Consistent,768.430838,1,0
2024-09-12,0x28736f43f1e871e6aa8b1148d38d4994275d72c4,768.430838,0.5915492957746479,88.1318309859155,213,0.7934272300469484,0.20657276995305165,Fear,Frequent,Consistent,980.557461,1,0
2024-10-12,0x28736f43f1e871e6aa8b1148d38d4994275d72c4,980.557461,0.6751592356687898,119.62222929936306,157,0.7452229299363057,0.25477707006369427,Neutral,Frequent,Consistent,1582.001112,1,0
2024-11-12,0x28736f43f1e871e6aa8b1148d38d4994275d72c4,1582.001112,0.34408602150537637,124.41204301075268,93,0.17204301075268819,0.8279569892473119,Extreme Greed,Frequent,Consistent,5806.86932,1,0
2024-12-12,0x28736f43f1e871e6aa8b1148d38d4994275d72c4,5806.86932,0.5578231292517006,150.14530612244897,147,0.19047619047619047,0.8095238095238095,Extreme Greed,Frequent,Consistent,109.82694000000001,1,0
2025-01-01,0x28736f43f1e871e6aa8b1148d38d4994275d72c4,109.82694000000001,0.3559322033898305,263.3476271186441,59,0.7457627118644068,0.2542372881355932,Greed,Frequent,Consistent,3.536668000000001,1,1
2025-01-02,0x28736f43f1e871e6aa8b1148d38d4994275d72c4,3.536668000000001,0.4117647058823529,1057.5154901960784,51,0.5882352941176471,0.4117647058823529,Greed,Frequent,Consistent,557.9358,1,1
2025-01-03,0x28736f43f1e871e6aa8b1148d38d4994275d72c4,557.9358,0.3783783783783784,840.2127027027027,37,0.4864864864864865,0.5135135135135135,Greed,Frequent,Consistent,768.351892,1,1
2025-01-04,0x28736f43f1e871e6aa8b1148d38d4994275d72c4,768.351892,0.6585365853658537,422.4107317073171,41,0.34146341463414637,0.6585365853658537,Greed,Frequent,Consistent,16.923621,1,1
2025-01-05,0x28736f43f1e871e6aa8b1148d38d4994275d72c4,16.923621,1.0,135.32,2,0.0,1.0,Greed,Frequent,Consistent,416.546688,1,1
2025-02-01,0x28736f43f1e871e6aa8b1148d38d4994275d72c4,416.546688,0.45544554455445546,217.69336633663366,101,0.24752475247524752,0.7524752475247525,Greed,Frequent,Consistent,-1416.906536,0,1
2025-02-02,0x28736f43f1e871e6aa8b1148d38d4994275d72c4,-1416.906536,0.054945054945054944,1328.6620879120878,91,0.8791208791208791,0.12087912087912088,Greed,Frequent,Consistent,8330.21747,1,1
2025-02-03,0x28736f43f1e871e6aa8b1148d38d4994275d72c4,8330.21747,0.7671232876712328,1432.3072602739728,73,0.2465753424657534,0.7534246575342466,Fear,Frequent,Consistent,669.381363,1,0
2025-02-04,0x28736f43f1e871e6aa8b1148d38d4994275d72c4,669.381363,0.6,414.13428571428574,70,0.38571428571428573,0.6142857142857143,Greed,Frequent,Consistent,250.581483,1,1
2025-03-01,0x28736f43f1e871e6aa8b1148d38d4994275d72c4,250.581483,0.5217391304347826,217.15115942028987,69,0.4927536231884058,0.5072463768115942,Extreme Fear,Frequent,Consistent,439.634046,1,0
2025-03-02,0x28736f43f1e871e6aa8b1148d38d4994275d72c4,439.634046,0.6,1251.5914666666667,75,0.36,0.64,Fear,Frequent,Consistent,494.669357,1,0
2025-03-03,0x28736f43f1e871e6aa8b1148d38d4994275d72c4,494.669357,0.3620689655172414,536.928448275862,58,0.8275862068965517,0.1724137931034483,Fear,Frequent,Consistent,149.51234499999998,1,0
2025-03-04,0x28736f43f1e871e6aa8b1148d38d4994275d72c4,149.51234499999998,0.11764705882352941,453.3190588235294,85,0.7529411764705882,0.24705882352941178,Extreme Fear,Frequent,Consistent,232.66549799999999,1,0
2025-04-01,0x28736f43f1e871e6aa8b1148d38d4994275d72c4,232.66549799999999,0.49382716049382713,156.68296296296296,81,0.3950617283950617,0.6049382716049383,Fear,Frequent,Consistent,1291.500575,1,0
2025-04-02,0x28736f43f1e871e6aa8b1148d38d4994275d72c4,1291.500575,0.3541666666666667,1139.6597916666667,48,0.6458333333333334,0.3541666666666667,Fear,Frequent,Consistent,163.73415,1,0
2025-04-03,0x28736f43f1e871e6aa8b1148d38d4994275d72c4,163.73415,0.3023255813953488,1091.9493023255814,43,0.9767441860465116,0.023255813953488372,Fear,Frequent,Consistent,498.73528200000004,1,0
2025-04-04,0x28736f43f1e871e6aa8b1148d38d4994275d72c4,498.73528200000004,0.56,280.5443,100,0.33,0.67,Fear,Frequent,Consistent,87.752181,1,0
2025-05-01,0x28736f43f1e871e6aa8b1148d38d4994275d72c4,87.752181,0.5365853658536586,101.1840243902439,82,0.47560975609756095,0.524390243902439,Neutral,Frequent,Consistent,696.8107239999999,1,0
2025-05-02,0x28736f43f1e871e6aa8b1148d38d4994275d72c4,696.8107239999999,0.4457831325301205,912.4063855421687,83,0.5421686746987951,0.4578313253012048,Greed,Frequent,Consistent,,0,1
2024-01-11,0x2c229d22b100a7beb69122eed721cee9b24011dd,-0.09906000000000104,0.2857142857142857,2139.280714285714,14,0.42857142857142855,0.5714285714285714,Extreme Greed,Infrequent,Consistent,16196.864846,1,0
2024-02-12,0x2c229d22b100a7beb69122eed721cee9b24011dd,16196.864846,0.5660377358490566,2348.7403773584906,53,0.4339622641509434,0.5660377358490566,Greed,Infrequent,Consistent,121.535562,1,1
2024-03-12,0x2c229d22b100a7beb69122eed721cee9b24011dd,121.535562,0.23728813559322035,1685.5867796610169,59,0.559322033898305,0.4406779661016949,Extreme Greed,Infrequent,Consistent,7591.307059,1,0
2024-04-12,0x2c229d22b100a7beb69122eed721cee9b24011dd,7591.307059,0.6756756756756757,3426.9959459459456,37,0.32432432432432434,0.6756756756756757,Extreme Greed,Infrequent,Consistent,2069.92634,1,0
2024-05-12,0x2c229d22b100a7beb69122eed721cee9b24011dd,2069.92634,0.9090909090909091,890.1048484848485,33,0.09090909090909091,0.9090909090909091,Greed,Infrequent,Consistent,-3.41119,0,1
2024-06-11,0x2c229d22b100a7beb69122eed721cee9b24011dd,-3.41119,0.0,666.84,3,0.3333333333333333,0.6666666666666666,Greed,Infrequent,Consistent,-123.870122,0,1
2024-06-12,0x2c229d22b100a7beb69122eed721cee9b24011dd,-123.870122,0.0,2324.0444444444447,9,0.5555555555555556,0.4444444444444444,Greed,Infrequent,Consistent,-710.786946,0,1
2024-08-11,0x2c229d22b100a7beb69122eed721cee9b24011dd,-710.786946,0.0,2003.9206666666666,15,0.3333333333333333,0.6666666666666666,Fear,Infrequent,Consistent,130.883691,1,0
2024-10-12,0x2c229d22b100a7beb69122eed721cee9b24011dd,130.883691,0.5833333333333334,1585.4033333333334,12,0.4166666666666667,0.5833333333333334,Neutral,Infrequent,Consistent,8544.6855,1,0
2024-11-12,0x2c229d22b100a7beb69122eed721cee9b24011dd,8544.6855,0.5263157894736842,6550.684736842106,19,0.47368421052631576,0.5263157894736842,Extreme Greed,Infrequent,Consistent,7639.595794,1,0
2024-12-12,0x2c229d22b100a7beb69122eed721cee9b24011dd,7639.595794,0.6290322580645161,5565.801451612903,62,0.3709677419354839,0.6290322580645161,Extreme Greed,Infrequent,Consistent,88.50699399999999,1,0
2025-01-02,0x2c229d22b100a7beb69122eed721cee9b24011dd,88.50699399999999,0.5714285714285714,5610.000952380952,21,0.23809523809523808,0.7619047619047619,Greed,Infrequent,Consistent,1334.414834,1,1
2025-01-04,0x2c229d22b100a7beb69122eed721cee9b24011dd,1334.414834,0.4444444444444444,1193.0444444444445,9,0.5555555555555556,0.4444444444444444,Greed,Infrequent,Consistent,1.1031579999999999,1,1
2025-02-04,0x2c229d22b100a7beb69122eed721cee9b24011dd,1.1031579999999999,0.3333333333333333,395.24,6,0.5,0.5,Greed,Infrequent,Consistent,160.127816,1,1
2025-03-04,0x2c229d22b100a7beb69122eed721cee9b24011dd,160.127816,0.7307692307692307,739.3319230769231,26,0.2692307692307692,0.7307692307692307,Extreme Fear,Infrequent,Consistent,,0,0
2023-01-05,0x3998f134d6aaa2b6a5f723806d00fd2bbbbce891,0.0,0.0,159.0,3,1.0,0.0,Fear,Infrequent,Inconsistent,0.0,0,0
2024-01-08,0x3998f134d6aaa2b6a5f723806d00fd2bbbbce891,0.0,0.0,0.74,1,0.0,1.0,Greed,Infrequent,Inconsistent,13.566929,1,1
2024-01-12,0x3998f134d6aaa2b6a5f723806d00fd2bbbbce891,13.566929,0.6666666666666666,11.366666666666667,3,0.3333333333333333,0.6666666666666666,Greed,Infrequent,Inconsistent,0.0,0,1
2024-02-12,0x3998f134d6aaa2b6a5f723806d00fd2bbbbce891,0.0,0.0,0.0,1,0.0,1.0,Greed,Infrequent,Inconsistent,0.0,0,1
2024-03-08,0x3998f134d6aaa2b6a5f723806d00fd2bbbbce891,0.0,0.0,0.65,1,0.0,1.0,Extreme Greed,Infrequent,Inconsistent,0.0,0,0
2024-04-08,0x3998f134d6aaa2b6a5f723806d00fd2bbbbce891,0.0,0.0,0.01,1,0.0,1.0,Extreme Greed,Infrequent,Inconsistent,0.0,0,0
2024-05-09,0x3998f134d6aaa2b6a5f723806d00fd2bbbbce891,0.0,0.0,0.84,1,0.0,1.0,Greed,Infrequent,Inconsistent,215.754798,1,1
2024-06-08,0x3998f134d6aaa2b6a5f723806d00fd2bbbbce891,215.754798,0.2962962962962963,28.555555555555557,27,0.037037037037037035,0.9629629629629629,Greed,Infrequent,Inconsistent,0.0,0,1
2024-07-08,0x3998f134d6aaa2b6a5f723806d00fd2bbbbce891,0.0,0.0,0.0036363636363636364,11,0.0,1.0,Fear,Infrequent,Inconsistent,0.0,0,0
2024-11-01,0x3998f134d6aaa2b6a5f723806d00fd2bbbbce891,0.0,0.0,23066.935,2,1.0,0.0,Extreme Greed,Infrequent,Inconsistent,,0,0
2024-01-12,0x39cef799f8b69da1995852eea189df24eb5cae3c,0.0,0.0,199.81,1,0.0,1.0,Greed,Infrequent,Inconsistent,0.0,0,1
2024-03-12,0x39cef799f8b69da1995852eea189df24eb5cae3c,0.0,0.0,209.94,1,0.0,1.0,Extreme Greed,Infrequent,Inconsistent,0.0,0,0
2024-05-12,0x39cef799f8b69da1995852eea189df24eb5cae3c,0.0,0.0,10238.081666666667,6,1.0,0.0,Greed,Infrequent,Inconsistent,0.0,0,1
2024-06-12,0x39cef799f8b69da1995852eea189df24eb5cae3c,0.0,0.0,1657.5529999999999,20,0.25,0.75,Greed,Infrequent,Inconsistent,483.662076,1,1
2024-09-12,0x39cef799f8b69da1995852eea189df24eb5cae3c,483.662076,1.0,603.1,8,1.0,0.0,Fear,Infrequent,Inconsistent,0.0,0,0
2024-10-12,0x39cef799f8b69da1995852eea189df24eb5cae3c,0.0,0.0,22522.036666666667,3,1.0,0.0,Neutral,Infrequent,Inconsistent,3721.345649,1,0
2024-11-12,0x39cef799f8b69da1995852eea189df24eb5cae3c,3721.345649,1.0,40012.55,4,0.0,1.0,Extreme Greed,Infrequent,Inconsistent,0.0,0,0
2024-12-11,0x39cef799f8b69da1995852eea189df24eb5cae3c,0.0,0.0,5195.3,2,1.0,0.0,Greed,Infrequent,Inconsistent,-9655.676981,0,1
2025-01-01,0x39cef799f8b69da1995852eea189df24eb5cae3c,-9655.676981,0.4166666666666667,15270.597499999998,12,0.5,0.5,Greed,Infrequent,Inconsistent,0.0,0,1
2025-03-01,0x39cef799f8b69da1995852eea189df24eb5cae3c,0.0,0.0,6217.48,1,1.0,0.0,Extreme Fear,Infrequent,Inconsistent,0.0,0,0
2025-03-04,0x39cef799f8b69da1995852eea189df24eb5cae3c,0.0,0.0,4742.898943661972,142,0.0,1.0,Extreme Fear,Infrequent,Inconsistent,863.956464,1,0
2025-04-03,0x39cef799f8b69da1995852eea189df24eb5cae3c,863.956464,0.47619047619047616,3213.5458730158734,63,0.5238095238095238,0.47619047619047616,Fear,Infrequent,Inconsistent,266.39774,1,0
2025-04-04,0x39cef799f8b69da1995852eea189df24eb5cae3c,266.39774,1.0,19800.740588235294,34,1.0,0.0,Fear,Infrequent,Inconsistent,,0,0
2024-02-12,0x3f9a0aadc7f04a7c9d75dc1b5a6ddd6e36486cf6,0.0,0.0,46692.72,1,1.0,0.0,Greed,Infrequent,Consistent,100.375782,1,1
2024-03-10,0x3f9a0aadc7f04a7c9d75dc1b5a6ddd6e36486cf6,100.375782,0.6,2585.338,5,0.4,0.6,Extreme Greed,Infrequent,Consistent,0.0,0,0
2024-03-11,0x3f9a0aadc7f04a7c9d75dc1b5a6ddd6e36486cf6,0.0,0.0,9530.66,2,1.0,0.0,Extreme Greed,Infrequent,Consistent,540.05911,1,0
2024-04-11,0x3f9a0aadc7f04a7c9d75dc1b5a6ddd6e36486cf6,540.05911,1.0,1960.1330000000003,10,0.0,1.0,Extreme Greed,Infrequent,Consistent,503.46257599999996,1,0
2024-07-11,0x3f9a0aadc7f04a7c9d75dc1b5a6ddd6e36486cf6,503.46257599999996,0.6875,1929.28125,16,0.3125,0.6875,Fear,Infrequent,Consistent,0.0,0,0
2024-10-11,0x3f9a0aadc7f04a7c9d75dc1b5a6ddd6e36486cf6,0.0,0.0,9836.88,1,1.0,0.0,Fear,Infrequent,Consistent,393.07947,1,0
2024-11-11,0x3f9a0aadc7f04a7c9d75dc1b5a6ddd6e36486cf6,393.07947,1.0,2557.49,4,0.0,1.0,Extreme Greed,Infrequent,Consistent,0.0,0,0
2024-12-11,0x3f9a0aadc7f04a7c9d75dc1b5a6ddd6e36486cf6,0.0,0.0,1319.1399999999999,4,1.0,0.0,Greed,Infrequent,Consistent,0.0,0,1
2025-04-04,0x3f9a0aadc7f04a7c9d75dc1b5a6ddd6e36486cf6,0.0,0.0,63727.4,1,1.0,0.0,Fear,Infrequent,Consistent,,0,0
2024-06-12,0x420ab45e0bd8863569a5efbb9c05d91f40624641,0.0,0.0,10673.925777777777,45,0.0,1.0,Greed,Infrequent,Consistent,1762.46,1,1
2024-12-12,0x420ab45e0bd8863569a5efbb9c05d91f40624641,1762.46,1.0,6750.81,10,1.0,0.0,Extreme Greed,Infrequent,Consistent,,0,0
2024-05-10,0x430f09841d65beb3f27765503d0f850b8bce7713,0.0,0.0,0.61,1,0.0,1.0,Greed,Infrequent,Inconsistent,0.0,0,1
2024-09-08,0x430f09841d65beb3f27765503d0f850b8bce7713,0.0,0.0,0.12,1,0.0,1.0,Fear,Infrequent,Inconsistent,0.0,0,0
2024-10-08,0x430f09841d65beb3f27765503d0f850b8bce7713,0.0,0.0,0.68,1,0.0,1.0,Neutral,Infrequent,Inconsistent,0.0,0,0
2024-11-09,0x430f09841d65beb3f27765503d0f850b8bce7713,0.0,0.0,0.54,1,0.0,1.0,Extreme Greed,Infrequent,Inconsistent,0.0,0,0
2024-11-10,0x430f09841d65beb3f27765503d0f850b8bce7713,0.0,0.0,0.73,1,0.0,1.0,Extreme Greed,Infrequent,Inconsistent,0.0,0,0
2024-12-08,0x430f09841d65beb3f27765503d0f850b8bce7713,0.0,0.0,0.61,1,0.0,1.0,Extreme Greed,Infrequent,Inconsistent,,0,0
2024-01-12,0x47add9a56df66b524d5e2c1993a43cde53b6ed85,197.422418,0.5,358.71500000000003,4,0.5,0.5,Greed,Frequent,Inconsistent,30.727222,1,1
2024-03-12,0x47add9a56df66b524d5e2c1993a43cde53b6ed85,30.727222,0.023809523809523808,330.0188095238095,42,0.6190476190476191,0.38095238095238093,Extreme Greed,Frequent,Inconsistent,910.584797,1,0
2024-04-12,0x47add9a56df66b524d5e2c1993a43cde53b6ed85,910.584797,0.13725490196078433,795.8152941176471,102,0.38235294117647056,0.6176470588235294,Extreme Greed,Frequent,Inconsistent,3174.023699,1,0
2024-05-12,0x47add9a56df66b524d5e2c1993a43cde53b6ed85,3174.023699,0.36551724137931035,587.6594137931035,290,0.5,0.5,Greed,Frequent,Inconsistent,514.886454,1,1
2024-06-12,0x47add9a56df66b524d5e2c1993a43cde53b6ed85,514.886454,0.2962962962962963,1009.2267592592593,108,0.5648148148148148,0.4351851851851852,Greed,Frequent,Inconsistent,1040.616939,1,1
2024-07-12,0x47add9a56df66b524d5e2c1993a43cde53b6ed85,1040.616939,0.35,580.1653888888889,180,0.46111111111111114,0.5388888888888889,Fear,Frequent,Inconsistent,227.072158,1,0
2024-08-12,0x47add9a56df66b524d5e2c1993a43cde53b6ed85,227.072158,0.36231884057971014,423.3769565217391,69,0.4782608695652174,0.5217391304347826,Fear,Frequent,Inconsistent,311.290605,1,0
2024-09-12,0x47add9a56df66b524d5e2c1993a43cde53b6ed85,311.290605,0.34545454545454546,399.53854545454544,55,0.5818181818181818,0.41818181818181815,Fear,Frequent,Inconsistent,1474.670598,1,0
2024-10-12,0x47add9a56df66b524d5e2c1993a43cde53b6ed85,1474.670598,0.36813186813186816,512.06510989011,182,0.5989010989010989,0.4010989010989011,Neutral,Frequent,Inconsistent,1157.689489,1,0
2024-11-12,0x47add9a56df66b524d5e2c1993a43cde53b6ed85,1157.689489,0.3353846153846154,307.6034769230769,325,0.36,0.64,Extreme Greed,Frequent,Inconsistent,574.398074,1,0
2024-12-12,0x47add9a56df66b524d5e2c1993a43cde53b6ed85,574.398074,0.2893081761006289,458.38842767295597,159,0.4716981132075472,0.5283018867924528,Extreme Greed,Frequent,Inconsistent,17.784696,1,0
2025-01-01,0x47add9a56df66b524d5e2c1993a43cde53b6ed85,17.784696,0.1875,632.90125,16,0.5625,0.4375,Greed,Frequent,Inconsistent,526.448209,1,1
2025-01-02,0x47add9a56df66b524d5e2c1993a43cde53b6ed85,526.448209,0.696969696969697,490.5812121212121,33,0.696969696969697,0.30303030303030304,Greed,Frequent,Inconsistent,109.593094,1,1
2025-01-03,0x47add9a56df66b524d5e2c1993a43cde53b6ed85,109.593094,0.4444444444444444,617.1918518518519,27,0.18518518518518517,0.8148148148148148,Greed,Frequent,Inconsistent,-680.287463,0,1
2025-01-04,0x47add9a56df66b524d5e2c1993a43cde53b6ed85,-680.287463,0.3157894736842105,247.43947368421055,19,0.3157894736842105,0.6842105263157895,Greed,Frequent,Inconsistent,37.385304,1,1
2025-01-05,0x47add9a56df66b524d5e2c1993a43cde53b6ed85,37.385304,0.14285714285714285,299.0128571428572,7,0.0,1.0,Greed,Frequent,Inconsistent,677.276764,1,1
2025-02-01,0x47add9a56df66b524d5e2c1993a43cde53b6ed85,677.276764,0.4777777777777778,548.5241111111111,90,0.3333333333333333,0.6666666666666666,Greed,Frequent,Inconsistent,-782.6517170000001,0,1
2025-02-02,0x47add9a56df66b524d5e2c1993a43cde53b6ed85,-782.6517170000001,0.25,475.55675925925925,108,0.7685185185185185,0.23148148148148148,Greed,Frequent,Inconsistent,349.12092600000005,1,1
2025-02-03,0x47add9a56df66b524d5e2c1993a43cde53b6ed85,349.12092600000005,0.38095238095238093,1106.6938095238095,21,0.14285714285714285,0.8571428571428571,Fear,Frequent,Inconsistent,93.006465,1,0
2025-02-04,0x47add9a56df66b524d5e2c1993a43cde53b6ed85,93.006465,0.75,405.9275,4,0.75,0.25,Greed,Frequent,Inconsistent,846.655814,1,1
2025-03-01,0x47add9a56df66b524d5e2c1993a43cde53b6ed85,846.655814,0.23529411764705882,321.5754901960784,102,0.5,0.5,Extreme Fear,Frequent,Inconsistent,2440.916534,1,0
2025-03-02,0x47add9a56df66b524d5e2c1993a43cde53b6ed85,2440.916534,0.4010989010989011,633.5157142857142,182,0.5934065934065934,0.4065934065934066,Fear,Frequent,Inconsistent,376.017126,1,0
2025-03-03,0x47add9a56df66b524d5e2c1993a43cde53b6ed85,376.017126,0.36363636363636365,591.2160606060606,33,0.21212121212121213,0.7878787878787878,Fear,Frequent,Inconsistent,7.052034,1,0
2025-03-04,0x47add9a56df66b524d5e2c1993a43cde53b6ed85,7.052034,0.14285714285714285,635.2357142857143,14,0.8571428571428571,0.14285714285714285,Extreme Fear,Frequent,Inconsistent,73.451675,1,0
2025-04-01,0x47add9a56df66b524d5e2c1993a43cde53b6ed85,73.451675,0.2631578947368421,628.7080701754386,57,0.3508771929824561,0.6491228070175439,Fear,Frequent,Inconsistent,874.3810560000001,1,0
2025-04-02,0x47add9a56df66b524d5e2c1993a43cde53b6ed85,874.3810560000001,0.47058823529411764,389.9655882352941,34,0.4117647058823529,0.5882352941176471,Fear,Frequent,Inconsistent,444.266681,1,0
2025-04-03,0x47add9a56df66b524d5e2c1993a43cde53b6ed85,444.266681,0.21875,502.8234375,32,0.96875,0.03125,Fear,Frequent,Inconsistent,0.0,0,0
2025-04-04,0x47add9a56df66b524d5e2c1993a43cde53b6ed85,0.0,0.0,874.78,2,1.0,0.0,Fear,Frequent,Inconsistent,8.594753,1,0
2025-05-01,0x47add9a56df66b524d5e2c1993a43cde53b6ed85,8.594753,0.10526315789473684,439.9673684210526,38,0.02631578947368421,0.9736842105263158,Neutral,Frequent,Inconsistent,32.72269,1,0
2025-05-02,0x47add9a56df66b524d5e2c1993a43cde53b6ed85,32.72269,0.3333333333333333,431.90000000000003,3,0.6666666666666666,0.3333333333333333,Greed,Frequent,Inconsistent,,0,1
2025-02-04,0x4acb90e786d897ecffb614dc822eb231b4ffb9f4,444.205198,0.625,37473.885625,16,0.625,0.375,Greed,Frequent,Inconsistent,0.0,0,1
2025-03-03,0x4acb90e786d897ecffb614dc822eb231b4ffb9f4,0.0,0.0,10522.962631578948,19,1.0,0.0,Fear,Frequent,Inconsistent,0.0,0,0
2025-03-04,0x4acb90e786d897ecffb614dc822eb231b4ffb9f4,0.0,0.0,16666.611,60,1.0,0.0,Extreme Fear,Frequent,Inconsistent,0.0,0,0
2025-04-03,0x4acb90e786d897ecffb614dc822eb231b4ffb9f4,0.0,0.0,5549.306774193548,155,1.0,0.0,Fear,Frequent,Inconsistent,0.0,0,0
2025-04-04,0x4acb90e786d897ecffb614dc822eb231b4ffb9f4,0.0,0.0,8264.040980392158,51,1.0,0.0,Fear,Frequent,Inconsistent,,0,0
2024-01-04,0x4f93fead39b70a1824f981a54d4e55b278e9f760,0.840939,0.06896551724137931,4654.808275862069,29,0.8620689655172413,0.13793103448275862,Greed,Infrequent,Inconsistent,0.0,0,1
2024-01-05,0x4f93fead39b70a1824f981a54d4e55b278e9f760,0.0,0.0,6216.103571428571,14,1.0,0.0,Greed,Infrequent,Inconsistent,1202.488212,1,1
2024-01-07,0x4f93fead39b70a1824f981a54d4e55b278e9f760,1202.488212,0.6923076923076923,7476.965384615385,13,0.15384615384615385,0.8461538461538461,Greed,Infrequent,Inconsistent,0.0,0,1
2024-01-08,0x4f93fead39b70a1824f981a54d4e55b278e9f760,0.0,0.0,11076.539230769231,13,1.0,0.0,Greed,Infrequent,Inconsistent,0.0,0,1
2024-01-10,0x4f93fead39b70a1824f981a54d4e55b278e9f760,0.0,0.0,34988.58,4,1.0,0.0,Greed,Infrequent,Inconsistent,1040.5747959999999,1,1
2024-01-11,0x4f93fead39b70a1824f981a54d4e55b278e9f760,1040.5747959999999,0.2222222222222222,25670.122222222224,9,0.7777777777777778,0.2222222222222222,Extreme Greed,Infrequent,Inconsistent,337.835516,1,0
2024-01-12,0x4f93fead39b70a1824f981a54d4e55b278e9f760,337.835516,0.5925925925925926,22229.845925925925,27,0.18518518518518517,0.8148148148148148,Greed,Infrequent,Inconsistent,883.760812,1,1
2024-02-04,0x4f93fead39b70a1824f981a54d4e55b278e9f760,883.760812,0.32432432432432434,6072.016756756757,37,0.16216216216216217,0.8378378378378378,Greed,Infrequent,Inconsistent,0.0,0,1
2024-02-08,0x4f93fead39b70a1824f981a54d4e55b278e9f760,0.0,0.0,8221.31,36,0.9722222222222222,0.027777777777777776,Greed,Infrequent,Inconsistent,0.0,0,1
2024-02-09,0x4f93fead39b70a1824f981a54d4e55b278e9f760,0.0,0.0,15000.21,2,1.0,0.0,Greed,Infrequent,Inconsistent,0.0,0,1
2024-02-10,0x4f93fead39b70a1824f981a54d4e55b278e9f760,0.0,0.0,24988.585,4,1.0,0.0,Greed,Infrequent,Inconsistent,0.0,0,1
2024-02-11,0x4f93fead39b70a1824f981a54d4e55b278e9f760,0.0,0.0,20000.0,2,1.0,0.0,Greed,Infrequent,Inconsistent,754.7378,1,1
2024-02-12,0x4f93fead39b70a1824f981a54d4e55b278e9f760,754.7378,0.35294117647058826,17691.249411764704,17,0.6470588235294118,0.35294117647058826,Greed,Infrequent,Inconsistent,5319.861625,1,1
2024-03-05,0x4f93fead39b70a1824f981a54d4e55b278e9f760,5319.861625,0.6956521739130435,12059.708260869564,23,0.0,1.0,Extreme Greed,Infrequent,Inconsistent,1118.387284,1,0
2024-03-07,0x4f93fead39b70a1824f981a54d4e55b278e9f760,1118.387284,0.4,10388.008,10,1.0,0.0,Extreme Greed,Infrequent,Inconsistent,0.0,0,0
2024-03-08,0x4f93fead39b70a1824f981a54d4e55b278e9f760,0.0,0.0,8652.23,13,1.0,0.0,Extreme Greed,Infrequent,Inconsistent,0.0,0,0
2024-03-10,0x4f93fead39b70a1824f981a54d4e55b278e9f760,0.0,0.0,30002.25,4,1.0,0.0,Extreme Greed,Infrequent,Inconsistent,0.0,0,0
2024-03-11,0x4f93fead39b70a1824f981a54d4e55b278e9f760,0.0,0.0,27498.585,4,1.0,0.0,Extreme Greed,Infrequent,Inconsistent,1467.1002210000001,1,0
2024-03-12,0x4f93fead39b70a1824f981a54d4e55b278e9f760,1467.1002210000001,0.4444444444444444,31374.63555555556,9,0.5555555555555556,0.4444444444444444,Extreme Greed,Infrequent,Inconsistent,0.0,0,0
2024-04-04,0x4f93fead39b70a1824f981a54d4e55b278e9f760,0.0,0.0,2999.6165625,32,0.0,1.0,Greed,Infrequent,Inconsistent,0.0,0,1
2024-04-05,0x4f93fead39b70a1824f981a54d4e55b278e9f760,0.0,0.0,8999.890000000001,6,0.0,1.0,Extreme Greed,Infrequent,Inconsistent,0.0,0,0
2024-04-07,0x4f93fead39b70a1824f981a54d4e55b278e9f760,0.0,0.0,18215.87285714286,14,1.0,0.0,Extreme Greed,Infrequent,Inconsistent,-108604.496278,0,0
2024-04-08,0x4f93fead39b70a1824f981a54d4e55b278e9f760,-108604.496278,0.0,12521.542916666665,72,0.16666666666666666,0.8333333333333334,Extreme Greed,Infrequent,Inconsistent,0.0,0,0
2024-04-09,0x4f93fead39b70a1824f981a54d4e55b278e9f760,0.0,0.0,35004.98,1,1.0,0.0,Extreme Greed,Infrequent,Inconsistent,2259.351364,1,0
2024-04-11,0x4f93fead39b70a1824f981a54d4e55b278e9f760,2259.351364,0.5,16623.486153846156,26,0.5,0.5,Extreme Greed,Infrequent,Inconsistent,291.35271,1,0
2024-04-12,0x4f93fead39b70a1824f981a54d4e55b278e9f760,291.35271,0.23076923076923078,20080.955384615383,13,0.7692307692307693,0.23076923076923078,Extreme Greed,Infrequent,Inconsistent,4444.4983010000005,1,0
2024-05-04,0x4f93fead39b70a1824f981a54d4e55b278e9f760,4444.4983010000005,0.7,17253.157,10,1.0,0.0,Greed,Infrequent,Inconsistent,0.0,0,1
2024-05-05,0x4f93fead39b70a1824f981a54d4e55b278e9f760,0.0,0.0,5996.512500000001,4,0.0,1.0,Greed,Infrequent,Inconsistent,0.0,0,1
2024-05-07,0x4f93fead39b70a1824f981a54d4e55b278e9f760,0.0,0.0,13514.937,20,1.0,0.0,Greed,Infrequent,Inconsistent,-4779.219012,0,1
2024-05-08,0x4f93fead39b70a1824f981a54d4e55b278e9f760,-4779.219012,0.0,12572.832941176472,17,0.8823529411764706,0.11764705882352941,Greed,Infrequent,Inconsistent,5767.161892,1,1
2024-05-10,0x4f93fead39b70a1824f981a54d4e55b278e9f760,5767.161892,0.6666666666666666,16822.36472222222,36,0.25,0.75,Greed,Infrequent,Inconsistent,678.4759280000001,1,1
2024-05-11,0x4f93fead39b70a1824f981a54d4e55b278e9f760,678.4759280000001,0.5,20062.723,10,0.5,0.5,Neutral,Infrequent,Inconsistent,1435.68724,1,0
2024-05-12,0x4f93fead39b70a1824f981a54d4e55b278e9f760,1435.68724,0.10526315789473684,40074.16368421053,19,0.0,1.0,Greed,Infrequent,Inconsistent,236.33513399999998,1,1
2024-06-04,0x4f93fead39b70a1824f981a54d4e55b278e9f760,236.33513399999998,0.25,4263.979375,16,0.0,1.0,Greed,Infrequent,Inconsistent,968.59038,1,1
2024-06-05,0x4f93fead39b70a1824f981a54d4e55b278e9f760,968.59038,0.4444444444444444,22890.714444444442,9,0.8888888888888888,0.1111111111111111,Extreme Greed,Infrequent,Inconsistent,0.0,0,0
2024-06-09,0x4f93fead39b70a1824f981a54d4e55b278e9f760,0.0,0.0,8747.6675,4,1.0,0.0,Extreme Greed,Infrequent,Inconsistent,130.487079,1,0
2024-06-10,0x4f93fead39b70a1824f981a54d4e55b278e9f760,130.487079,0.22727272727272727,13642.298181818182,22,0.2727272727272727,0.7272727272727273,Greed,Infrequent,Inconsistent,2821.24842,1,1
2024-06-11,0x4f93fead39b70a1824f981a54d4e55b278e9f760,2821.24842,0.5833333333333334,10158.865,12,0.4166666666666667,0.5833333333333334,Greed,Infrequent,Inconsistent,7206.315268,1,1
2024-06-12,0x4f93fead39b70a1824f981a54d4e55b278e9f760,7206.315268,0.3559322033898305,25128.245762711864,59,0.6610169491525424,0.3389830508474576,Greed,Infrequent,Inconsistent,0.0,0,1
2024-07-04,0x4f93fead39b70a1824f981a54d4e55b278e9f760,0.0,0.0,2173.397391304348,23,0.0,1.0,Fear,Infrequent,Inconsistent,656.21704,1,0
2024-07-05,0x4f93fead39b70a1824f981a54d4e55b278e9f760,656.21704,0.7,9890.126,10,0.4,0.6,Fear,Infrequent,Inconsistent,7329.223137999999,1,0
2024-07-06,0x4f93fead39b70a1824f981a54d4e55b278e9f760,7329.223137999999,0.5769230769230769,15114.859615384614,52,0.75,0.25,Fear,Infrequent,Inconsistent,0.0,0,0
2024-07-10,0x4f93fead39b70a1824f981a54d4e55b278e9f760,0.0,0.0,10475.459523809524,21,0.0,1.0,Fear,Infrequent,Inconsistent,628.96246,1,0
2024-07-11,0x4f93fead39b70a1824f981a54d4e55b278e9f760,628.96246,0.5,30314.425,2,0.5,0.5,Fear,Infrequent,Inconsistent,2342.996384,1,0
2024-07-12,0x4f93fead39b70a1824f981a54d4e55b278e9f760,2342.996384,1.0,49620.3625,4,1.0,0.0,Fear,Infrequent,Inconsistent,0.0,0,0
2024-08-04,0x4f93fead39b70a1824f981a54d4e55b278e9f760,0.0,0.0,5827.370357142857,28,0.0,1.0,Fear,Infrequent,Inconsistent,0.0,0,0
2024-08-05,0x4f93fead39b70a1824f981a54d4e55b278e9f760,0.0,0.0,6583.419,10,1.0,0.0,Fear,Infrequent,Inconsistent,0.0,0,0
2024-08-06,0x4f93fead39b70a1824f981a54d4e55b278e9f760,0.0,0.0,6428.95,7,1.0,0.0,Extreme Fear,Infrequent,Inconsistent,5396.546638,1,0
2024-08-10,0x4f93fead39b70a1824f981a54d4e55b278e9f760,5396.546638,0.9428571428571428,12416.672857142858,35,0.9714285714285714,0.02857142857142857,Fear,Infrequent,Inconsistent,646.3734049999999,1,0
2024-08-11,0x4f93fead39b70a1824f981a54d4e55b278e9f760,646.3734049999999,0.25,10026.734583333333,24,0.75,0.25,Fear,Infrequent,Inconsistent,0.0,0,0
2024-08-12,0x4f93fead39b70a1824f981a54d4e55b278e9f760,0.0,0.0,8570.51857142857,7,0.0,1.0,Fear,Infrequent,Inconsistent,0.0,0,0
2024-09-04,0x4f93fead39b70a1824f981a54d4e55b278e9f760,0.0,0.0,19021.280000000002,3,0.0,1.0,Fear,Infrequent,Inconsistent,1147.595856,1,0
2024-09-05,0x4f93fead39b70a1824f981a54d4e55b278e9f760,1147.595856,0.44,8679.6232,25,0.36,0.64,Fear,Infrequent,Inconsistent,0.0,0,0
2024-09-06,0x4f93fead39b70a1824f981a54d4e55b278e9f760,0.0,0.0,4199.992,5,1.0,0.0,Extreme Fear,Infrequent,Inconsistent,11147.900554,1,0
2024-09-08,0x4f93fead39b70a1824f981a54d4e55b278e9f760,11147.900554,0.75,11003.166666666666,12,0.25,0.75,Fear,Infrequent,Inconsistent,396.06272,1,0
2024-09-10,0x4f93fead39b70a1824f981a54d4e55b278e9f760,396.06272,0.21428571428571427,15742.852142857142,14,0.7857142857142857,0.21428571428571427,Fear,Infrequent,Inconsistent,0.0,0,0
2024-09-11,0x4f93fead39b70a1824f981a54d4e55b278e9f760,0.0,0.0,16666.712222222224,9,1.0,0.0,Fear,Infrequent,Inconsistent,2350.499742,1,0
2024-09-12,0x4f93fead39b70a1824f981a54d4e55b278e9f760,2350.499742,0.4117647058823529,21156.991764705883,17,0.7647058823529411,0.23529411764705882,Fear,Infrequent,Inconsistent,5207.443414,1,0
2024-10-04,0x4f93fead39b70a1824f981a54d4e55b278e9f760,5207.443414,0.8780487804878049,8578.926097560974,41,0.975609756097561,0.024390243902439025,Fear,Infrequent,Inconsistent,2101.741695,1,0
2024-10-05,0x4f93fead39b70a1824f981a54d4e55b278e9f760,2101.741695,0.2727272727272727,7131.0,22,0.7272727272727273,0.2727272727272727,Neutral,Infrequent,Inconsistent,0.0,0,0
2024-10-06,0x4f93fead39b70a1824f981a54d4e55b278e9f760,0.0,0.0,6000.075,4,1.0,0.0,Neutral,Infrequent,Inconsistent,11595.627026,1,0
2024-10-07,0x4f93fead39b70a1824f981a54d4e55b278e9f760,11595.627026,0.7674418604651163,15625.97930232558,43,0.23255813953488372,0.7674418604651163,Neutral,Infrequent,Inconsistent,0.0,0,0
2024-10-10,0x4f93fead39b70a1824f981a54d4e55b278e9f760,0.0,0.0,18751.521249999998,16,1.0,0.0,Fear,Infrequent,Inconsistent,548.36595,1,0
2024-10-11,0x4f93fead39b70a1824f981a54d4e55b278e9f760,548.36595,0.75,22568.36875,8,0.25,0.75,Fear,Infrequent,Inconsistent,3986.312514,1,0
2024-10-12,0x4f93fead39b70a1824f981a54d4e55b278e9f760,3986.312514,0.3333333333333333,19470.586944444443,36,0.75,0.25,Neutral,Infrequent,Inconsistent,389.743164,1,0
2024-11-04,0x4f93fead39b70a1824f981a54d4e55b278e9f760,389.743164,0.125,4775.06,16,0.875,0.125,Greed,Infrequent,Inconsistent,251.604742,1,1
2024-11-05,0x4f93fead39b70a1824f981a54d4e55b278e9f760,251.604742,1.0,7027.661111111111,9,0.0,1.0,Greed,Infrequent,Inconsistent,0.0,0,1
2024-11-06,0x4f93fead39b70a1824f981a54d4e55b278e9f760,0.0,0.0,13143.021904761907,21,1.0,0.0,Greed,Infrequent,Inconsistent,1876.812082,1,1
2024-11-07,0x4f93fead39b70a1824f981a54d4e55b278e9f760,1876.812082,0.47368421052631576,8941.422105263156,19,0.5263157894736842,0.47368421052631576,Extreme Greed,Infrequent,Inconsistent,847.7766200000001,1,0
2024-11-08,0x4f93fead39b70a1824f981a54d4e55b278e9f760,847.7766200000001,0.5,5104.981250000001,8,0.0,1.0,Extreme Greed,Infrequent,Inconsistent,8885.327477,1,0
2024-11-10,0x4f93fead39b70a1824f981a54d4e55b278e9f760,8885.327477,0.72,19556.1384,25,0.0,1.0,Extreme Greed,Infrequent,Inconsistent,1479.677222,1,0
2024-11-11,0x4f93fead39b70a1824f981a54d4e55b278e9f760,1479.677222,0.45,16571.107,20,0.55,0.45,Extreme Greed,Infrequent,Inconsistent,1083.777057,1,0
2024-11-12,0x4f93fead39b70a1824f981a54d4e55b278e9f760,1083.777057,0.26666666666666666,23331.314333333332,30,0.2,0.8,Extreme Greed,Infrequent,Inconsistent,0.0,0,0
2024-12-04,0x4f93fead39b70a1824f981a54d4e55b278e9f760,0.0,0.0,7138.52761904762,21,1.0,0.0,Extreme Greed,Infrequent,Inconsistent,0.0,0,0
2024-12-05,0x4f93fead39b70a1824f981a54d4e55b278e9f760,0.0,0.0,4500.464,10,1.0,0.0,Extreme Greed,Infrequent,Inconsistent,0.0,0,0
2024-12-07,0x4f93fead39b70a1824f981a54d4e55b278e9f760,0.0,0.0,7600.664999999999,10,1.0,0.0,Extreme Greed,Infrequent,Inconsistent,858.6705000000001,1,0
2024-12-08,0x4f93fead39b70a1824f981a54d4e55b278e9f760,858.6705000000001,0.375,2758.775,16,1.0,0.0,Extreme Greed,Infrequent,Inconsistent,541.55471,1,0
2024-12-10,0x4f93fead39b70a1824f981a54d4e55b278e9f760,541.55471,0.7,15971.34,10,0.7,0.3,Extreme Greed,Infrequent,Inconsistent,2053.119744,1,0
2024-12-11,0x4f93fead39b70a1824f981a54d4e55b278e9f760,2053.119744,0.16216216216216217,14354.293783783784,74,0.8378378378378378,0.16216216216216217,Greed,Infrequent,Inconsistent,0.0,0,1
2024-12-12,0x4f93fead39b70a1824f981a54d4e55b278e9f760,0.0,0.0,12254.174838709678,31,0.0,1.0,Extreme Greed,Infrequent,Inconsistent,0.0,0,0
2025-01-01,0x4f93fead39b70a1824f981a54d4e55b278e9f760,0.0,0.0,49999.51,1,1.0,0.0,Greed,Infrequent,Inconsistent,0.0,0,1
2025-01-02,0x4f93fead39b70a1824f981a54d4e55b278e9f760,0.0,0.0,22500.69,4,1.0,0.0,Greed,Infrequent,Inconsistent,1402.082488,1,1
2025-01-04,0x4f93fead39b70a1824f981a54d4e55b278e9f760,1402.082488,0.4,7070.317,20,0.6,0.4,Greed,Infrequent,Inconsistent,1220.746604,1,1
2025-01-05,0x4f93fead39b70a1824f981a54d4e55b278e9f760,1220.746604,0.5,14373.198571428571,14,0.21428571428571427,0.7857142857142857,Greed,Infrequent,Inconsistent,2399.9471460000004,1,1
2025-02-01,0x4f93fead39b70a1824f981a54d4e55b278e9f760,2399.9471460000004,0.42105263157894735,19582.443684210524,19,0.5789473684210527,0.42105263157894735,Greed,Infrequent,Inconsistent,0.0,0,1
2025-02-02,0x4f93fead39b70a1824f981a54d4e55b278e9f760,0.0,0.0,25418.461333333333,30,1.0,0.0,Greed,Infrequent,Inconsistent,11005.991600000001,1,1
2025-02-03,0x4f93fead39b70a1824f981a54d4e55b278e9f760,11005.991600000001,0.8076923076923077,43406.429615384615,26,0.19230769230769232,0.8076923076923077,Fear,Infrequent,Inconsistent,0.0,0,0
2025-02-04,0x4f93fead39b70a1824f981a54d4e55b278e9f760,0.0,0.0,19999.7,1,1.0,0.0,Greed,Infrequent,Inconsistent,3084.287743,1,1
2025-03-01,0x4f93fead39b70a1824f981a54d4e55b278e9f760,3084.287743,0.6041666666666666,9644.217708333334,48,0.3958333333333333,0.6041666666666666,Extreme Fear,Infrequent,Inconsistent,1136.272279,1,0
2025-03-03,0x4f93fead39b70a1824f981a54d4e55b278e9f760,1136.272279,0.5,26764.120833333334,12,0.5,0.5,Fear,Infrequent,Inconsistent,0.0,0,0
2025-03-04,0x4f93fead39b70a1824f981a54d4e55b278e9f760,0.0,0.0,31104.344444444443,9,1.0,0.0,Extreme Fear,Infrequent,Inconsistent,0.0,0,0
2025-04-01,0x4f93fead39b70a1824f981a54d4e55b278e9f760,0.0,0.0,7142.837142857143,14,1.0,0.0,Fear,Infrequent,Inconsistent,6403.5061239999995,1,0
2025-04-02,0x4f93fead39b70a1824f981a54d4e55b278e9f760,6403.5061239999995,1.0,95439.94666666667,9,0.0,1.0,Fear,Infrequent,Inconsistent,8002.939313,1,0
2025-04-03,0x4f93fead39b70a1824f981a54d4e55b278e9f760,8002.939313,0.4745762711864407,25872.653898305085,59,0.3728813559322034,0.6271186440677966,Fear,Infrequent,Inconsistent,4591.427138999999,1,0
2025-04-04,0x4f93fead39b70a1824f981a54d4e55b278e9f760,4591.427138999999,0.6190476190476191,20216.697142857145,21,0.38095238095238093,0.6190476190476191,Fear,Infrequent,Inconsistent,890.33157,1,0
2025-05-01,0x4f93fead39b70a1824f981a54d4e55b278e9f760,890.33157,0.21052631578947367,19427.31105263158,19,0.7894736842105263,0.21052631578947367,Neutral,Infrequent,Inconsistent,0.0,0,0
2025-05-02,0x4f93fead39b70a1824f981a54d4e55b278e9f760,0.0,0.0,16663.026666666665,9,1.0,0.0,Greed,Infrequent,Inconsistent,,0,1
2024-09-12,0x513b8629fe877bb581bf244e326a047b249c4ff1,0.0,0.0,1682.2211904761903,42,1.0,0.0,Fear,Frequent,Inconsistent,0.0,0,0
2024-12-12,0x513b8629fe877bb581bf244e326a047b249c4ff1,0.0,0.0,3332.177640449438,89,1.0,0.0,Extreme Greed,Frequent,Inconsistent,0.0,0,0
2025-01-04,0x513b8629fe877bb581bf244e326a047b249c4ff1,0.0,0.0,13807.81,13,1.0,0.0,Greed,Frequent,Inconsistent,60544.304874,1,1
2025-01-05,0x513b8629fe877bb581bf244e326a047b249c4ff1,60544.304874,0.7173252279635258,22713.250030395135,329,0.2826747720364742,0.7173252279635258,Greed,Frequent,Inconsistent,0.0,0,1
2025-03-04,0x513b8629fe877bb581bf244e326a047b249c4ff1,0.0,0.0,2260.9597959183675,49,1.0,0.0,Extreme Fear,Frequent,Inconsistent,,0,0
2024-11-12,0x6d6a4b953f202f8df5bed40692e7fd865318264a,698.009722,1.0,136.67374999999998,8,0.0,1.0,Extreme Greed,Infrequent,Consistent,362.84131,1,0
2024-12-12,0x6d6a4b953f202f8df5bed40692e7fd865318264a,362.84131,1.0,133.0725,4,0.0,1.0,Extreme Greed,Infrequent,Consistent,0.0,0,0
2025-01-02,0x6d6a4b953f202f8df5bed40692e7fd865318264a,0.0,0.0,1987.6240000000003,5,1.0,0.0,Greed,Infrequent,Consistent,132.71954399999998,1,1
2025-01-04,0x6d6a4b953f202f8df5bed40692e7fd865318264a,132.71954399999998,0.2857142857142857,1954.3107142857145,14,0.2857142857142857,0.7142857142857143,Greed,Infrequent,Consistent,234.497751,1,1
2025-02-04,0x6d6a4b953f202f8df5bed40692e7fd865318264a,234.497751,0.2647058823529412,1120.655,34,0.4411764705882353,0.5588235294117647,Greed,Infrequent,Consistent,298.031364,1,1
2025-03-04,0x6d6a4b953f202f8df5bed40692e7fd865318264a,298.031364,0.25,922.9384999999999,20,0.95,0.05,Extreme Fear,Infrequent,Consistent,392.35488599999996,1,0
2025-04-04,0x6d6a4b953f202f8df5bed40692e7fd865318264a,392.35488599999996,0.15,626.296,60,0.6,0.4,Fear,Infrequent,Consistent,,0,0
2025-04-01,0x72743ae2822edd658c0c50608fd7c5c501b2afbd,0.0,0.0,11569.857730496453,141,0.0,1.0,Fear,Frequent,Inconsistent,,0,0
2024-12-12,0x72c6a4624e1dffa724e6d00d64ceae698af892a0,0.0,0.0,1397.385294117647,17,0.0,1.0,Extreme Greed,Infrequent,Inconsistent,0.0,0,0
2025-01-03,0x72c6a4624e1dffa724e6d00d64ceae698af892a0,0.0,0.0,791.3578571428571,14,0.7142857142857143,0.2857142857142857,Greed,Infrequent,Inconsistent,0.0,0,1
2025-02-01,0x72c6a4624e1dffa724e6d00d64ceae698af892a0,0.0,0.0,8894.193333333335,3,0.0,1.0,Greed,Infrequent,Inconsistent,0.0,0,1
2025-02-02,0x72c6a4624e1dffa724e6d00d64ceae698af892a0,0.0,0.0,837.1502702702703,37,0.0,1.0,Greed,Infrequent,Inconsistent,10915.212,1,1
2025-02-03,0x72c6a4624e1dffa724e6d00d64ceae698af892a0,10915.212,1.0,1366.0404,25,1.0,0.0,Fear,Infrequent,Inconsistent,0.0,0,0
2025-03-01,0x72c6a4624e1dffa724e6d00d64ceae698af892a0,0.0,0.0,6065.75,6,0.0,1.0,Extreme Fear,Infrequent,Inconsistent,17247.427499999998,1,0
2025-03-03,0x72c6a4624e1dffa724e6d00d64ceae698af892a0,17247.427499999998,0.625,3784.509375,16,1.0,0.0,Fear,Infrequent,Inconsistent,0.0,0,0
2025-04-01,0x72c6a4624e1dffa724e6d00d64ceae698af892a0,0.0,0.0,2128.95,1,0.0,1.0,Fear,Infrequent,Inconsistent,0.0,0,0
2025-04-02,0x72c6a4624e1dffa724e6d00d64ceae698af892a0,0.0,0.0,15000.0,1,0.0,1.0,Fear,Infrequent,Inconsistent,169132.29611,1,0
2025-04-03,0x72c6a4624e1dffa724e6d00d64ceae698af892a0,169132.29611,0.4967741935483871,3030.0763225806454,155,1.0,0.0,Fear,Infrequent,Inconsistent,0.0,0,0
2025-05-01,0x72c6a4624e1dffa724e6d00d64ceae698af892a0,0.0,0.0,2863.6875,8,0.0,1.0,Neutral,Infrequent,Inconsistent,,0,0
2024-01-03,0x75f7eeb85dc639d5e99c78f95393aa9a5f1170d4,8244.241409,0.9343065693430657,3452.370072992701,137,0.27007299270072993,0.7299270072992701,Greed,Frequent,Consistent,2507.122467,1,1
2024-01-04,0x75f7eeb85dc639d5e99c78f95393aa9a5f1170d4,2507.122467,0.8333333333333334,4260.021458333334,48,0.14583333333333334,0.8541666666666666,Greed,Frequent,Consistent,1674.715167,1,1
2024-02-03,0x75f7eeb85dc639d5e99c78f95393aa9a5f1170d4,1674.715167,0.875,2510.5745833333335,24,0.875,0.125,Greed,Frequent,Consistent,8361.086245,1,1
2024-03-03,0x75f7eeb85dc639d5e99c78f95393aa9a5f1170d4,8361.086245,0.6835443037974683,4946.1478481012655,79,0.45569620253164556,0.5443037974683544,Extreme Greed,Frequent,Consistent,126.7884,1,0
2024-03-04,0x75f7eeb85dc639d5e99c78f95393aa9a5f1170d4,126.7884,0.5,3443.955,2,0.5,0.5,Extreme Greed,Frequent,Consistent,-13.844579999999999,0,0
2024-03-05,0x75f7eeb85dc639d5e99c78f95393aa9a5f1170d4,-13.844579999999999,0.14285714285714285,47.215714285714284,7,0.42857142857142855,0.5714285714285714,Extreme Greed,Frequent,Consistent,26773.771643,1,0
2024-04-03,0x75f7eeb85dc639d5e99c78f95393aa9a5f1170d4,26773.771643,0.8815331010452961,5485.087665505226,287,0.5609756097560976,0.43902439024390244,Greed,Frequent,Consistent,19791.026041,1,1
2024-05-03,0x75f7eeb85dc639d5e99c78f95393aa9a5f1170d4,19791.026041,0.9055555555555556,4676.724,180,0.3055555555555556,0.6944444444444444,Neutral,Frequent,Consistent,5296.433789,1,0
2024-05-04,0x75f7eeb85dc639d5e99c78f95393aa9a5f1170d4,5296.433789,0.9146341463414634,3723.111585365854,82,0.08536585365853659,0.9146341463414634,Greed,Frequent,Consistent,0.916,1,1
2024-05-05,0x75f7eeb85dc639d5e99c78f95393aa9a5f1170d4,0.916,0.5,41.15,2,0.5,0.5,Greed,Frequent,Consistent,6814.825139,1,1
2024-06-03,0x75f7eeb85dc639d5e99c78f95393aa9a5f1170d4,6814.825139,0.8780487804878049,3990.4636585365856,82,0.5975609756097561,0.4024390243902439,Greed,Frequent,Consistent,0.0,0,1
2024-07-05,0x75f7eeb85dc639d5e99c78f95393aa9a5f1170d4,0.0,0.0,47.59,1,0.0,1.0,Fear,Frequent,Consistent,4271.886236,1,0
2024-08-03,0x75f7eeb85dc639d5e99c78f95393aa9a5f1170d4,4271.886236,0.8805970149253731,2740.047462686567,67,0.2835820895522388,0.7164179104477612,Fear,Frequent,Consistent,1218.4267,1,0
2024-08-04,0x75f7eeb85dc639d5e99c78f95393aa9a5f1170d4,1218.4267,0.5,24387.135,2,0.5,0.5,Fear,Frequent,Consistent,1.56576,1,0
2024-08-05,0x75f7eeb85dc639d5e99c78f95393aa9a5f1170d4,1.56576,0.3333333333333333,46.46,3,0.6666666666666666,0.3333333333333333,Fear,Frequent,Consistent,9949.501624,1,0
2024-09-03,0x75f7eeb85dc639d5e99c78f95393aa9a5f1170d4,9949.501624,0.8290598290598291,5625.459401709401,117,0.7094017094017094,0.2905982905982906,Fear,Frequent,Consistent,0.01574,1,0
2024-09-12,0x75f7eeb85dc639d5e99c78f95393aa9a5f1170d4,0.01574,0.42857142857142855,16.731428571428573,7,0.42857142857142855,0.5714285714285714,Fear,Frequent,Consistent,2482.9272,1,0
2024-10-03,0x75f7eeb85dc639d5e99c78f95393aa9a5f1170d4,2482.9272,0.6904761904761905,5237.472619047619,42,0.9047619047619048,0.09523809523809523,Fear,Frequent,Consistent,3634.56814,1,0
2024-10-12,0x75f7eeb85dc639d5e99c78f95393aa9a5f1170d4,3634.56814,0.9607843137254902,1401.238888888889,153,0.26143790849673204,0.738562091503268,Neutral,Frequent,Consistent,3588.179495,1,0
2024-11-03,0x75f7eeb85dc639d5e99c78f95393aa9a5f1170d4,3588.179495,0.9285714285714286,4202.844047619047,42,0.2857142857142857,0.7142857142857143,Greed,Frequent,Consistent,1567.4026840000001,1,1
2024-11-12,0x75f7eeb85dc639d5e99c78f95393aa9a5f1170d4,1567.4026840000001,0.34782608695652173,7024.881304347826,23,0.5217391304347826,0.4782608695652174,Extreme Greed,Frequent,Consistent,3039.166,1,0
2024-12-03,0x75f7eeb85dc639d5e99c78f95393aa9a5f1170d4,3039.166,0.875,12880.10625,8,0.125,0.875,Extreme Greed,Frequent,Consistent,2237.798674,1,0
2024-12-04,0x75f7eeb85dc639d5e99c78f95393aa9a5f1170d4,2237.798674,0.7634408602150538,2815.611935483871,93,0.07526881720430108,0.9247311827956989,Extreme Greed,Frequent,Consistent,323.34897900000016,1,0
2024-12-12,0x75f7eeb85dc639d5e99c78f95393aa9a5f1170d4,323.34897900000016,0.07692307692307693,3563.27,52,0.5576923076923077,0.4423076923076923,Extreme Greed,Frequent,Consistent,9609.447365,1,0
2025-01-02,0x75f7eeb85dc639d5e99c78f95393aa9a5f1170d4,9609.447365,0.7702702702702703,4026.3325675675674,148,0.7702702702702703,0.22972972972972974,Greed,Frequent,Consistent,3429.9583199999997,1,1
2025-02-01,0x75f7eeb85dc639d5e99c78f95393aa9a5f1170d4,3429.9583199999997,0.9433962264150944,3870.1449056603774,53,0.32075471698113206,0.6792452830188679,Greed,Frequent,Consistent,948.6016900000001,1,1
2025-02-03,0x75f7eeb85dc639d5e99c78f95393aa9a5f1170d4,948.6016900000001,0.9166666666666666,3923.564166666667,12,0.9166666666666666,0.08333333333333333,Fear,Frequent,Consistent,90.98474,1,0
2025-02-04,0x75f7eeb85dc639d5e99c78f95393aa9a5f1170d4,90.98474,0.8181818181818182,2925.4536363636366,11,0.8181818181818182,0.18181818181818182,Greed,Frequent,Consistent,14982.681725,1,1
2025-03-02,0x75f7eeb85dc639d5e99c78f95393aa9a5f1170d4,14982.681725,0.7492877492877493,2940.937606837607,351,0.2849002849002849,0.7150997150997151,Fear,Frequent,Consistent,-370.250064,0,0
2025-03-03,0x75f7eeb85dc639d5e99c78f95393aa9a5f1170d4,-370.250064,0.6039603960396039,1018.7064356435644,101,0.32673267326732675,0.6732673267326733,Fear,Frequent,Consistent,1985.815595,1,0
2025-04-02,0x75f7eeb85dc639d5e99c78f95393aa9a5f1170d4,1985.815595,0.9736842105263158,1605.050657894737,76,0.02631578947368421,0.9736842105263158,Fear,Frequent,Consistent,14.590934,1,0
2025-05-02,0x75f7eeb85dc639d5e99c78f95393aa9a5f1170d4,14.590934,0.75,2107.2529999999997,20,0.25,0.75,Greed,Frequent,Consistent,,0,1
2025-01-01,0x7f4f299f74eec87806a830e3caa9afa5f2b9db8f,0.0,0.0,7555.826666666667,3,1.0,0.0,Greed,Infrequent,Consistent,1008.518954,1,1
2025-02-01,0x7f4f299f74eec87806a830e3caa9afa5f2b9db8f,1008.518954,0.5555555555555556,6758.5633333333335,9,0.4444444444444444,0.5555555555555556,Greed,Infrequent,Consistent,937.789615,1,1
2025-03-01,0x7f4f299f74eec87806a830e3caa9afa5f2b9db8f,937.789615,0.6538461538461539,1975.7373076923077,26,0.34615384615384615,0.6538461538461539,Extreme Fear,Infrequent,Consistent,1093.05677,1,0
2025-05-01,0x7f4f299f74eec87806a830e3caa9afa5f2b9db8f,1093.05677,1.0,1828.1614285714284,7,0.0,1.0,Neutral,Infrequent,Consistent,,0,0
2025-01-02,0x8170715b3b381dffb7062c0298972d4727a0a63b,0.0,0.0,773.4088888888889,18,0.0,1.0,Greed,Infrequent,Consistent,4004.50286,1,1
2025-01-04,0x8170715b3b381dffb7062c0298972d4727a0a63b,4004.50286,0.9230769230769231,9495.466153846153,13,0.0,1.0,Greed,Infrequent,Consistent,739.18423,1,1
2025-02-01,0x8170715b3b381dffb7062c0298972d4727a0a63b,739.18423,1.0,1004.1633333333334,3,1.0,0.0,Greed,Infrequent,Consistent,0.0,0,1
2025-02-02,0x8170715b3b381dffb7062c0298972d4727a0a63b,0.0,0.0,1333.3373333333334,30,0.0,1.0,Greed,Infrequent,Consistent,0.0,0,1
2025-02-03,0x8170715b3b381dffb7062c0298972d4727a0a63b,0.0,0.0,2499.975,2,0.0,1.0,Fear,Infrequent,Consistent,8045.056928,1,0
2025-02-04,0x8170715b3b381dffb7062c0298972d4727a0a63b,8045.056928,1.0,2142.8557142857144,7,1.0,0.0,Greed,Infrequent,Consistent,13770.715332,1,1
2025-03-02,0x8170715b3b381dffb7062c0298972d4727a0a63b,13770.715332,0.8067226890756303,355.00016806722687,119,0.8067226890756303,0.19327731092436976,Fear,Infrequent,Consistent,0.0,0,0
2025-03-03,0x8170715b3b381dffb7062c0298972d4727a0a63b,0.0,0.0,624.99375,8,0.0,1.0,Fear,Infrequent,Consistent,0.0,0,0
2025-03-04,0x8170715b3b381dffb7062c0298972d4727a0a63b,0.0,0.0,5629.0912941176475,85,0.6823529411764706,0.3176470588235294,Extreme Fear,Infrequent,Consistent,0.0,0,0
2025-04-02,0x8170715b3b381dffb7062c0298972d4727a0a63b,0.0,0.0,676.7046666666666,45,0.0,1.0,Fear,Infrequent,Consistent,6939.47356,1,0
2025-04-03,0x8170715b3b381dffb7062c0298972d4727a0a63b,6939.47356,0.8125,937.494375,16,0.8125,0.1875,Fear,Infrequent,Consistent,4805.345609999999,1,0
2025-04-04,0x8170715b3b381dffb7062c0298972d4727a0a63b,4805.345609999999,0.10294117647058823,932.0805882352942,68,0.17647058823529413,0.8235294117647058,Fear,Infrequent,Consistent,0.0,0,0
2025-05-02,0x8170715b3b381dffb7062c0298972d4727a0a63b,0.0,0.0,599.9928,25,0.0,1.0,Greed,Infrequent,Consistent,,0,1
2024-01-12,0x8381e6d82f1affd39a336e143e081ef7620a3b7f,0.0,0.0,999.5866666666667,3,1.0,0.0,Greed,Infrequent,Inconsistent,0.0,0,1
2024-02-12,0x8381e6d82f1affd39a336e143e081ef7620a3b7f,0.0,0.0,340.65333333333336,6,1.0,0.0,Greed,Infrequent,Inconsistent,33.26141600000001,1,1
2024-04-12,0x8381e6d82f1affd39a336e143e081ef7620a3b7f,33.26141600000001,0.2,669.609,10,0.5,0.5,Extreme Greed,Infrequent,Inconsistent,0.0,0,0
2024-05-12,0x8381e6d82f1affd39a336e143e081ef7620a3b7f,0.0,0.0,294.265,2,1.0,0.0,Greed,Infrequent,Inconsistent,0.0,0,1
2024-06-12,0x8381e6d82f1affd39a336e143e081ef7620a3b7f,0.0,0.0,292.11,1,1.0,0.0,Greed,Infrequent,Inconsistent,0.0,0,1
2024-07-12,0x8381e6d82f1affd39a336e143e081ef7620a3b7f,0.0,0.0,1021.2966666666667,3,1.0,0.0,Fear,Infrequent,Inconsistent,-21.54374,0,0
2024-08-12,0x8381e6d82f1affd39a336e143e081ef7620a3b7f,-21.54374,0.0,984.758,5,0.6,0.4,Fear,Infrequent,Inconsistent,0.0,0,0
2024-09-12,0x8381e6d82f1affd39a336e143e081ef7620a3b7f,0.0,0.0,440.95,4,1.0,0.0,Fear,Infrequent,Inconsistent,0.0,0,0
2024-10-12,0x8381e6d82f1affd39a336e143e081ef7620a3b7f,0.0,0.0,587.97,1,1.0,0.0,Neutral,Infrequent,Inconsistent,0.0,0,0
2025-01-01,0x8381e6d82f1affd39a336e143e081ef7620a3b7f,0.0,0.0,200.802,5,1.0,0.0,Greed,Infrequent,Inconsistent,0.0,0,1
2025-02-02,0x8381e6d82f1affd39a336e143e081ef7620a3b7f,0.0,0.0,1943.7873684210526,19,1.0,0.0,Greed,Infrequent,Inconsistent,0.0,0,1
2025-03-02,0x8381e6d82f1affd39a336e143e081ef7620a3b7f,0.0,0.0,2351.285,8,1.0,0.0,Fear,Infrequent,Inconsistent,0.0,0,0
2025-04-01,0x8381e6d82f1affd39a336e143e081ef7620a3b7f,0.0,0.0,710.865,2,1.0,0.0,Fear,Infrequent,Inconsistent,9167.620989,1,0
2025-04-02,0x8381e6d82f1affd39a336e143e081ef7620a3b7f,9167.620989,0.47115384615384615,58124.15365384616,104,0.5288461538461539,0.47115384615384615,Fear,Infrequent,Inconsistent,0.0,0,0
2025-05-01,0x8381e6d82f1affd39a336e143e081ef7620a3b7f,0.0,0.0,456.83,1,1.0,0.0,Neutral,Infrequent,Inconsistent,1843.301845,1,0
2025-05-02,0x8381e6d82f1affd39a336e143e081ef7620a3b7f,1843.301845,0.3853211009174312,2347.8439143730884,327,0.5259938837920489,0.4740061162079511,Greed,Infrequent,Inconsistent,,0,1
2024-01-06,0x8477e447846c758f5a675856001ea72298fd9cb5,91.510419,0.36,513.3848,25,0.36,0.64,Greed,Frequent,Inconsistent,167.080017,1,1
2024-01-08,0x8477e447846c758f5a675856001ea72298fd9cb5,167.080017,0.11764705882352941,1432.7749999999999,34,0.7352941176470589,0.2647058823529412,Greed,Frequent,Inconsistent,137.433093,1,1
2024-01-09,0x8477e447846c758f5a675856001ea72298fd9cb5,137.433093,0.4166666666666667,1029.9733333333334,12,0.5833333333333334,0.4166666666666667,Extreme Greed,Frequent,Inconsistent,1169.432253,1,0
2024-01-12,0x8477e447846c758f5a675856001ea72298fd9cb5,1169.432253,0.44715447154471544,893.489918699187,123,0.44715447154471544,0.5528455284552846,Greed,Frequent,Inconsistent,192.906947,1,1
2024-02-06,0x8477e447846c758f5a675856001ea72298fd9cb5,192.906947,0.3655913978494624,316.822688172043,93,0.3655913978494624,0.6344086021505376,Greed,Frequent,Inconsistent,228.247701,1,1
2024-02-08,0x8477e447846c758f5a675856001ea72298fd9cb5,228.247701,0.8,1984.4720000000002,15,0.0,1.0,Greed,Frequent,Inconsistent,254.15562,1,1
2024-02-12,0x8477e447846c758f5a675856001ea72298fd9cb5,254.15562,0.125,1667.92875,8,0.125,0.875,Greed,Frequent,Inconsistent,562.808208,1,1
2024-03-06,0x8477e447846c758f5a675856001ea72298fd9cb5,562.808208,0.6285714285714286,306.66942857142857,70,0.6285714285714286,0.37142857142857144,Extreme Greed,Frequent,Inconsistent,464.1897,1,0
2024-03-08,0x8477e447846c758f5a675856001ea72298fd9cb5,464.1897,1.0,4534.09,1,1.0,0.0,Extreme Greed,Frequent,Inconsistent,-158.695661,0,0
2024-03-12,0x8477e447846c758f5a675856001ea72298fd9cb5,-158.695661,0.0,2708.735,6,0.6666666666666666,0.3333333333333333,Extreme Greed,Frequent,Inconsistent,52.211438,1,0
2024-04-06,0x8477e447846c758f5a675856001ea72298fd9cb5,52.211438,0.4716981132075472,457.42283018867926,53,0.4716981132075472,0.5283018867924528,Extreme Greed,Frequent,Inconsistent,109.005815,1,0
2024-04-08,0x8477e447846c758f5a675856001ea72298fd9cb5,109.005815,0.17647058823529413,2129.0517647058823,17,0.8235294117647058,0.17647058823529413,Extreme Greed,Frequent,Inconsistent,56.055506,1,0
2024-05-06,0x8477e447846c758f5a675856001ea72298fd9cb5,56.055506,0.2962962962962963,469.4587037037037,54,0.3148148148148148,0.6851851851851852,Greed,Frequent,Inconsistent,160.44369899999998,1,1
2024-05-08,0x8477e447846c758f5a675856001ea72298fd9cb5,160.44369899999998,0.4117647058823529,2357.7947058823524,17,0.5882352941176471,0.4117647058823529,Greed,Frequent,Inconsistent,274.173187,1,1
2024-06-06,0x8477e447846c758f5a675856001ea72298fd9cb5,274.173187,0.42735042735042733,587.8536752136753,234,0.4358974358974359,0.5641025641025641,Extreme Greed,Frequent,Inconsistent,1573.244278,1,0
2024-07-06,0x8477e447846c758f5a675856001ea72298fd9cb5,1573.244278,0.39037433155080214,832.9677272727273,374,0.3422459893048128,0.6577540106951871,Fear,Frequent,Inconsistent,129.13883900000002,1,0
2024-08-06,0x8477e447846c758f5a675856001ea72298fd9cb5,129.13883900000002,0.36363636363636365,2379.510454545454,22,0.6363636363636364,0.36363636363636365,Extreme Fear,Frequent,Inconsistent,151.092375,1,0
2024-09-08,0x8477e447846c758f5a675856001ea72298fd9cb5,151.092375,0.2463768115942029,635.3107246376812,69,0.2608695652173913,0.7391304347826086,Fear,Frequent,Inconsistent,102.90894,1,0
2024-09-11,0x8477e447846c758f5a675856001ea72298fd9cb5,102.90894,0.24675324675324675,563.4285714285714,77,0.5714285714285714,0.42857142857142855,Fear,Frequent,Inconsistent,31.266804999999998,1,0
2024-10-06,0x8477e447846c758f5a675856001ea72298fd9cb5,31.266804999999998,0.3673469387755102,460.97204081632657,49,0.3673469387755102,0.6326530612244898,Neutral,Frequent,Inconsistent,442.748384,1,0
2024-10-11,0x8477e447846c758f5a675856001ea72298fd9cb5,442.748384,0.27439024390243905,1361.297987804878,164,0.27439024390243905,0.725609756097561,Fear,Frequent,Inconsistent,51.081143,1,0
2024-11-06,0x8477e447846c758f5a675856001ea72298fd9cb5,51.081143,0.3333333333333333,696.6096296296296,27,0.6666666666666666,0.3333333333333333,Greed,Frequent,Inconsistent,4876.874304,1,1
2024-11-11,0x8477e447846c758f5a675856001ea72298fd9cb5,4876.874304,0.45930232558139533,1907.2104069767443,172,0.48255813953488375,0.5174418604651163,Extreme Greed,Frequent,Inconsistent,-21886.531493,0,0
2024-12-06,0x8477e447846c758f5a675856001ea72298fd9cb5,-21886.531493,0.0967741935483871,884.2718433179723,217,0.35944700460829493,0.6405529953917051,Greed,Frequent,Inconsistent,1441.27965,1,1
2024-12-11,0x8477e447846c758f5a675856001ea72298fd9cb5,1441.27965,0.24175824175824176,1631.5342857142857,91,0.32967032967032966,0.6703296703296703,Greed,Frequent,Inconsistent,1579.909758,1,1
2025-01-02,0x8477e447846c758f5a675856001ea72298fd9cb5,1579.909758,0.48333333333333334,615.154,60,0.5666666666666667,0.43333333333333335,Greed,Frequent,Inconsistent,-200.94846,0,1
2025-01-05,0x8477e447846c758f5a675856001ea72298fd9cb5,-200.94846,0.0,309.6568421052632,19,0.7368421052631579,0.2631578947368421,Greed,Frequent,Inconsistent,45.086985,1,1
2025-02-01,0x8477e447846c758f5a675856001ea72298fd9cb5,45.086985,0.12987012987012986,332.6585714285714,77,0.14285714285714285,0.8571428571428571,Greed,Frequent,Inconsistent,1023.934713,1,1
2025-02-02,0x8477e447846c758f5a675856001ea72298fd9cb5,1023.934713,0.25,1069.4091666666668,60,0.9666666666666667,0.03333333333333333,Greed,Frequent,Inconsistent,909.1721379999999,1,1
2025-03-01,0x8477e447846c758f5a675856001ea72298fd9cb5,909.1721379999999,0.1807909604519774,251.76581920903956,177,0.20903954802259886,0.7909604519774012,Extreme Fear,Frequent,Inconsistent,1474.607584,1,0
2025-03-02,0x8477e447846c758f5a675856001ea72298fd9cb5,1474.607584,0.4855072463768116,1645.3448550724638,138,0.5144927536231884,0.4855072463768116,Fear,Frequent,Inconsistent,468.35197800000003,1,0
2025-03-03,0x8477e447846c758f5a675856001ea72298fd9cb5,468.35197800000003,0.3382352941176471,575.8669117647058,68,0.47058823529411764,0.5294117647058824,Fear,Frequent,Inconsistent,0.0,0,0
2025-03-04,0x8477e447846c758f5a675856001ea72298fd9cb5,0.0,0.0,666.2016666666667,6,1.0,0.0,Extreme Fear,Frequent,Inconsistent,30.818079,1,0
2025-04-01,0x8477e447846c758f5a675856001ea72298fd9cb5,30.818079,0.0392156862745098,182.9343137254902,51,0.0392156862745098,0.9607843137254902,Fear,Frequent,Inconsistent,0.0,0,0
2025-04-02,0x8477e447846c758f5a675856001ea72298fd9cb5,0.0,0.0,462.50499999999994,6,0.0,1.0,Fear,Frequent,Inconsistent,54.2704,1,0
2025-04-03,0x8477e447846c758f5a675856001ea72298fd9cb5,54.2704,0.125,1117.82,8,1.0,0.0,Fear,Frequent,Inconsistent,586.623362,1,0
2025-04-04,0x8477e447846c758f5a675856001ea72298fd9cb5,586.623362,0.3148148148148148,483.5138888888889,54,0.6666666666666666,0.3333333333333333,Fear,Frequent,Inconsistent,151.429584,1,0
2025-05-01,0x8477e447846c758f5a675856001ea72298fd9cb5,151.429584,0.17647058823529413,209.45666666666668,51,0.17647058823529413,0.8235294117647058,Neutral,Frequent,Inconsistent,554.257954,1,0
2025-05-02,0x8477e447846c758f5a675856001ea72298fd9cb5,554.257954,0.6,554.9604999999999,20,0.6,0.4,Greed,Frequent,Inconsistent,,0,1
2025-02-02,0x92f17e8d81a944691c10e753af1b1baae1a2cd0d,12245.905048999999,0.4437869822485207,2370.67449704142,169,0.5562130177514792,0.4437869822485207,Greed,Frequent,Consistent,,0,1
2025-01-02,0xa0feb3725a9335f49874d7cd8eaad6be45b27416,923.487443,1.0,1390.1038888888888,18,0.0,1.0,Greed,Frequent,Inconsistent,1449.529436,1,1
2025-01-05,0xa0feb3725a9335f49874d7cd8eaad6be45b27416,1449.529436,0.3506944444444444,1130.8870833333333,288,0.6493055555555556,0.3506944444444444,Greed,Frequent,Inconsistent,0.0,0,1
2025-02-02,0xa0feb3725a9335f49874d7cd8eaad6be45b27416,0.0,0.0,1210.4648275862069,29,1.0,0.0,Greed,Frequent,Inconsistent,625.512206,1,1
2025-02-03,0xa0feb3725a9335f49874d7cd8eaad6be45b27416,625.512206,0.5,1691.2284375000002,32,0.5,0.5,Fear,Frequent,Inconsistent,2161.6751200000003,1,0
2025-03-02,0xa0feb3725a9335f49874d7cd8eaad6be45b27416,2161.6751200000003,0.4,8577.862,15,0.6,0.4,Fear,Frequent,Inconsistent,60.171373,1,0
2025-03-03,0xa0feb3725a9335f49874d7cd8eaad6be45b27416,60.171373,0.08522727272727272,234.52426136363636,176,0.9090909090909091,0.09090909090909091,Fear,Frequent,Inconsistent,4624.583773,1,0
2025-04-02,0xa0feb3725a9335f49874d7cd8eaad6be45b27416,4624.583773,0.18878248974008208,1221.8522845417237,731,0.7838577291381669,0.2161422708618331,Fear,Frequent,Inconsistent,0.0,0,0
2025-04-03,0xa0feb3725a9335f49874d7cd8eaad6be45b27416,0.0,0.0,369.27675,40,1.0,0.0,Fear,Frequent,Inconsistent,-6194.283149,0,0
2025-05-02,0xa0feb3725a9335f49874d7cd8eaad6be45b27416,-6194.283149,0.12228260869565218,4161.944646739131,368,0.7146739130434783,0.28532608695652173,Greed,Frequent,Inconsistent,,0,1
2024-01-12,0xa520ded057a32086c40e7dd6ed4eb8efb82c00e0,34709.852428,0.8032786885245902,856.4519672131147,61,0.19672131147540983,0.8032786885245902,Greed,Infrequent,Consistent,0.0,0,1
2024-03-08,0xa520ded057a32086c40e7dd6ed4eb8efb82c00e0,0.0,0.0,9281.686875,16,1.0,0.0,Extreme Greed,Infrequent,Consistent,0.0,0,0
2024-03-12,0xa520ded057a32086c40e7dd6ed4eb8efb82c00e0,0.0,0.0,2941.1758823529412,34,1.0,0.0,Extreme Greed,Infrequent,Consistent,-14176.51042,0,0
2024-04-08,0xa520ded057a32086c40e7dd6ed4eb8efb82c00e0,-14176.51042,0.0,13492.987,10,0.8,0.2,Extreme Greed,Infrequent,Consistent,0.0,0,0
2024-05-08,0xa520ded057a32086c40e7dd6ed4eb8efb82c00e0,0.0,0.0,10053.805,2,1.0,0.0,Greed,Infrequent,Consistent,0.0,0,1
2024-07-08,0xa520ded057a32086c40e7dd6ed4eb8efb82c00e0,0.0,0.0,500.0,1,1.0,0.0,Fear,Infrequent,Consistent,3360.9281,1,0
2024-07-11,0xa520ded057a32086c40e7dd6ed4eb8efb82c00e0,3360.9281,0.5052631578947369,208.8205263157895,95,0.49473684210526314,0.5052631578947369,Fear,Infrequent,Consistent,-40.712216999999995,0,0
2024-08-08,0xa520ded057a32086c40e7dd6ed4eb8efb82c00e0,-40.712216999999995,0.0,114.82,4,0.0,1.0,Extreme Fear,Infrequent,Consistent,0.0,0,0
2024-08-09,0xa520ded057a32086c40e7dd6ed4eb8efb82c00e0,0.0,0.0,0.11,1,0.0,1.0,Neutral,Infrequent,Consistent,0.0,0,0
2024-09-08,0xa520ded057a32086c40e7dd6ed4eb8efb82c00e0,0.0,0.0,250.0,2,1.0,0.0,Fear,Infrequent,Consistent,-219.729659,0,0
2024-10-09,0xa520ded057a32086c40e7dd6ed4eb8efb82c00e0,-219.729659,0.0,890.27,2,0.0,1.0,Neutral,Infrequent,Consistent,0.0,0,0
2024-10-12,0xa520ded057a32086c40e7dd6ed4eb8efb82c00e0,0.0,0.0,13718.098750000001,8,1.0,0.0,Neutral,Infrequent,Consistent,994.238977,1,0
2024-11-12,0xa520ded057a32086c40e7dd6ed4eb8efb82c00e0,994.238977,1.0,165.00133333333332,15,0.0,1.0,Extreme Greed,Infrequent,Consistent,2512.437585,1,0
2024-12-12,0xa520ded057a32086c40e7dd6ed4eb8efb82c00e0,2512.437585,1.0,1374.4125000000001,4,0.0,1.0,Extreme Greed,Infrequent,Consistent,20.596691,1,0
2025-03-02,0xa520ded057a32086c40e7dd6ed4eb8efb82c00e0,20.596691,1.0,999.91,1,0.0,1.0,Fear,Infrequent,Consistent,556.803152,1,0
2025-04-01,0xa520ded057a32086c40e7dd6ed4eb8efb82c00e0,556.803152,1.0,213.09399999999997,5,0.0,1.0,Fear,Infrequent,Consistent,,0,0
2024-02-12,0xae5eacaf9c6b9111fd53034a602c192a04e082ed,0.0,0.0,1779.0295454545455,44,1.0,0.0,Greed,Infrequent,Inconsistent,20925.513222,1,1
2024-03-12,0xae5eacaf9c6b9111fd53034a602c192a04e082ed,20925.513222,0.7241379310344828,3898.738206896552,145,0.27586206896551724,0.7241379310344828,Extreme Greed,Infrequent,Inconsistent,0.0,0,0
2024-04-12,0xae5eacaf9c6b9111fd53034a602c192a04e082ed,0.0,0.0,0.1,1,0.0,1.0,Extreme Greed,Infrequent,Inconsistent,0.0,0,0
2025-04-03,0xae5eacaf9c6b9111fd53034a602c192a04e082ed,0.0,0.0,7268.525238095238,21,1.0,0.0,Fear,Infrequent,Inconsistent,,0,0
2024-09-12,0xaf40fdc468c30116bd3307bcbf4a451a7ebf1deb,0.0,0.0,1968.8700000000001,4,1.0,0.0,Fear,Infrequent,Consistent,39.7705,1,0
2024-11-12,0xaf40fdc468c30116bd3307bcbf4a451a7ebf1deb,39.7705,1.0,7158.62,1,0.0,1.0,Extreme Greed,Infrequent,Consistent,15.24474,1,0
2024-12-12,0xaf40fdc468c30116bd3307bcbf4a451a7ebf1deb,15.24474,1.0,771.87,1,0.0,1.0,Extreme Greed,Infrequent,Consistent,2020.0,1,0
2025-03-04,0xaf40fdc468c30116bd3307bcbf4a451a7ebf1deb,2020.0,0.125,42527.5,8,0.875,0.125,Extreme Fear,Infrequent,Consistent,,0,0
2023-05-12,0xb1231a4a2dd02f2276fa3c5e2a2f3436e6bfed23,0.0,0.0,5556.203333333334,9,0.7777777777777778,0.2222222222222222,Neutral,Frequent,Inconsistent,-129.53146,0,0
2024-01-01,0xb1231a4a2dd02f2276fa3c5e2a2f3436e6bfed23,-129.53146,0.05555555555555555,14679.973888888888,18,0.5555555555555556,0.4444444444444444,Greed,Frequent,Inconsistent,0.0,0,1
2024-01-02,0xb1231a4a2dd02f2276fa3c5e2a2f3436e6bfed23,0.0,0.0,334.69666666666666,6,1.0,0.0,Greed,Frequent,Inconsistent,3863.351096,1,1
2024-01-07,0xb1231a4a2dd02f2276fa3c5e2a2f3436e6bfed23,3863.351096,0.3333333333333333,5205.286274509804,51,0.0784313725490196,0.9215686274509803,Greed,Frequent,Inconsistent,0.0,0,1
2024-01-08,0xb1231a4a2dd02f2276fa3c5e2a2f3436e6bfed23,0.0,0.0,3896.047777777778,9,1.0,0.0,Greed,Frequent,Inconsistent,783.979116,1,1
2024-02-01,0xb1231a4a2dd02f2276fa3c5e2a2f3436e6bfed23,783.979116,0.47058823529411764,7138.1611764705885,17,0.5294117647058824,0.47058823529411764,Greed,Frequent,Inconsistent,456.423473,1,1
2024-02-02,0xb1231a4a2dd02f2276fa3c5e2a2f3436e6bfed23,456.423473,0.30952380952380953,11292.343571428572,42,0.4523809523809524,0.5476190476190477,Greed,Frequent,Inconsistent,-1443.814567,0,1
2024-02-03,0xb1231a4a2dd02f2276fa3c5e2a2f3436e6bfed23,-1443.814567,0.0,420.5385714285714,7,1.0,0.0,Greed,Frequent,Inconsistent,0.0,0,1
2024-02-04,0xb1231a4a2dd02f2276fa3c5e2a2f3436e6bfed23,0.0,0.0,3749.9725,4,1.0,0.0,Greed,Frequent,Inconsistent,2421.253116,1,1
2024-02-07,0xb1231a4a2dd02f2276fa3c5e2a2f3436e6bfed23,2421.253116,0.7222222222222222,1852.6372222222224,18,0.7222222222222222,0.2777777777777778,Greed,Frequent,Inconsistent,554.12049,1,1
2024-02-08,0xb1231a4a2dd02f2276fa3c5e2a2f3436e6bfed23,554.12049,0.4166666666666667,5882.177500000001,12,0.5833333333333334,0.4166666666666667,Greed,Frequent,Inconsistent,866.015507,1,1
2024-03-01,0xb1231a4a2dd02f2276fa3c5e2a2f3436e6bfed23,866.015507,0.417910447761194,5888.050149253731,67,0.47761194029850745,0.5223880597014925,Extreme Greed,Frequent,Inconsistent,223.30918699999998,1,0
2024-03-02,0xb1231a4a2dd02f2276fa3c5e2a2f3436e6bfed23,223.30918699999998,0.10714285714285714,10782.5,56,0.32142857142857145,0.6785714285714286,Extreme Greed,Frequent,Inconsistent,0.0,0,0
2024-03-04,0xb1231a4a2dd02f2276fa3c5e2a2f3436e6bfed23,0.0,0.0,4999.83,2,1.0,0.0,Extreme Greed,Frequent,Inconsistent,0.0,0,0
2024-03-05,0xb1231a4a2dd02f2276fa3c5e2a2f3436e6bfed23,0.0,0.0,829.8083333333334,6,0.0,1.0,Extreme Greed,Frequent,Inconsistent,0.0,0,0
2024-03-07,0xb1231a4a2dd02f2276fa3c5e2a2f3436e6bfed23,0.0,0.0,9465.0725,8,1.0,0.0,Extreme Greed,Frequent,Inconsistent,0.0,0,0
2024-03-08,0xb1231a4a2dd02f2276fa3c5e2a2f3436e6bfed23,0.0,0.0,4168.69,6,1.0,0.0,Extreme Greed,Frequent,Inconsistent,-67.60364,0,0
2024-04-01,0xb1231a4a2dd02f2276fa3c5e2a2f3436e6bfed23,-67.60364,0.0,19958.508,5,0.4,0.6,Extreme Greed,Frequent,Inconsistent,47.62389499999999,1,0
2024-04-02,0xb1231a4a2dd02f2276fa3c5e2a2f3436e6bfed23,47.62389499999999,0.2571428571428571,5805.358,35,0.5428571428571428,0.45714285714285713,Extreme Greed,Frequent,Inconsistent,1026.004099,1,0
2024-04-03,0xb1231a4a2dd02f2276fa3c5e2a2f3436e6bfed23,1026.004099,1.0,290.5161538461538,13,0.0,1.0,Greed,Frequent,Inconsistent,0.0,0,1
2024-04-05,0xb1231a4a2dd02f2276fa3c5e2a2f3436e6bfed23,0.0,0.0,1666.47,3,0.0,1.0,Extreme Greed,Frequent,Inconsistent,0.0,0,0
2024-04-07,0xb1231a4a2dd02f2276fa3c5e2a2f3436e6bfed23,0.0,0.0,15958.708181818183,11,1.0,0.0,Extreme Greed,Frequent,Inconsistent,0.0,0,0
2024-04-08,0xb1231a4a2dd02f2276fa3c5e2a2f3436e6bfed23,0.0,0.0,5002.563703703704,27,0.9629629629629629,0.037037037037037035,Extreme Greed,Frequent,Inconsistent,1065.785132,1,0
2024-04-09,0xb1231a4a2dd02f2276fa3c5e2a2f3436e6bfed23,1065.785132,0.15151515151515152,2923.5148484848487,33,0.9090909090909091,0.09090909090909091,Extreme Greed,Frequent,Inconsistent,0.0,0,0
2024-04-10,0xb1231a4a2dd02f2276fa3c5e2a2f3436e6bfed23,0.0,0.0,0.34,1,0.0,1.0,Extreme Greed,Frequent,Inconsistent,274999.139393,1,0
2024-04-12,0xb1231a4a2dd02f2276fa3c5e2a2f3436e6bfed23,274999.139393,1.0,6249.985227272727,44,0.0,1.0,Extreme Greed,Frequent,Inconsistent,164.141565,1,0
2024-05-01,0xb1231a4a2dd02f2276fa3c5e2a2f3436e6bfed23,164.141565,0.19696969696969696,25817.31303030303,66,0.4696969696969697,0.5303030303030303,Neutral,Frequent,Inconsistent,-33.45419400000003,0,0
2024-05-02,0xb1231a4a2dd02f2276fa3c5e2a2f3436e6bfed23,-33.45419400000003,0.19444444444444445,10697.198055555556,72,0.4583333333333333,0.5416666666666666,Fear,Frequent,Inconsistent,965.5522159999999,1,0
2024-05-04,0xb1231a4a2dd02f2276fa3c5e2a2f3436e6bfed23,965.5522159999999,1.0,3245.635,8,0.0,1.0,Greed,Frequent,Inconsistent,0.0,0,1
2024-05-07,0xb1231a4a2dd02f2276fa3c5e2a2f3436e6bfed23,0.0,0.0,165.92916666666667,12,1.0,0.0,Greed,Frequent,Inconsistent,-8394.889856,0,1
2024-05-08,0xb1231a4a2dd02f2276fa3c5e2a2f3436e6bfed23,-8394.889856,0.5909090909090909,3331.070909090909,44,0.3181818181818182,0.6818181818181818,Greed,Frequent,Inconsistent,49999.876084999996,1,1
2024-05-12,0xb1231a4a2dd02f2276fa3c5e2a2f3436e6bfed23,49999.876084999996,1.0,12499.98,4,0.0,1.0,Greed,Frequent,Inconsistent,135.58166400000002,1,1
2024-06-01,0xb1231a4a2dd02f2276fa3c5e2a2f3436e6bfed23,135.58166400000002,0.45454545454545453,13569.154545454547,22,0.5,0.5,Greed,Frequent,Inconsistent,-215.615907,0,1
2024-06-02,0xb1231a4a2dd02f2276fa3c5e2a2f3436e6bfed23,-215.615907,0.1645220588235294,7396.280707720588,1088,0.47610294117647056,0.5238970588235294,Greed,Frequent,Inconsistent,108.87217799999999,1,1
2024-06-07,0xb1231a4a2dd02f2276fa3c5e2a2f3436e6bfed23,108.87217799999999,0.2916666666666667,103.75708333333334,24,0.7083333333333334,0.2916666666666667,Extreme Greed,Frequent,Inconsistent,51.56325,1,0
2024-06-08,0xb1231a4a2dd02f2276fa3c5e2a2f3436e6bfed23,51.56325,0.0625,758.8422499999999,80,0.9375,0.0625,Greed,Frequent,Inconsistent,-1104.856765,0,1
2024-06-09,0xb1231a4a2dd02f2276fa3c5e2a2f3436e6bfed23,-1104.856765,0.0,106.74815789473683,38,0.0,1.0,Extreme Greed,Frequent,Inconsistent,74999.848329,1,0
2024-06-12,0xb1231a4a2dd02f2276fa3c5e2a2f3436e6bfed23,74999.848329,1.0,2999.9956,25,0.0,1.0,Greed,Frequent,Inconsistent,-835.681235,0,1
2024-07-01,0xb1231a4a2dd02f2276fa3c5e2a2f3436e6bfed23,-835.681235,0.09278350515463918,10812.887216494846,97,0.5360824742268041,0.4639175257731959,Neutral,Frequent,Inconsistent,241.24212,1,0
2024-07-02,0xb1231a4a2dd02f2276fa3c5e2a2f3436e6bfed23,241.24212,0.13333333333333333,450.582,15,0.4666666666666667,0.5333333333333333,Neutral,Frequent,Inconsistent,227.320653,1,0
2024-07-05,0xb1231a4a2dd02f2276fa3c5e2a2f3436e6bfed23,227.320653,0.2857142857142857,1395.532857142857,7,0.2857142857142857,0.7142857142857143,Fear,Frequent,Inconsistent,0.0,0,0
2024-07-06,0xb1231a4a2dd02f2276fa3c5e2a2f3436e6bfed23,0.0,0.0,77.5807142857143,14,1.0,0.0,Fear,Frequent,Inconsistent,61.428942,1,0
2024-07-07,0xb1231a4a2dd02f2276fa3c5e2a2f3436e6bfed23,61.428942,1.0,49.875,10,0.0,1.0,Fear,Frequent,Inconsistent,188.789255,1,0
2024-07-08,0xb1231a4a2dd02f2276fa3c5e2a2f3436e6bfed23,188.789255,0.47619047619047616,94.89190476190477,21,0.5238095238095238,0.47619047619047616,Fear,Frequent,Inconsistent,74999.62263,1,0
2024-07-12,0xb1231a4a2dd02f2276fa3c5e2a2f3436e6bfed23,74999.62263,0.6,15999.469999999998,5,0.0,1.0,Fear,Frequent,Inconsistent,-269.874439,0,0
2024-08-01,0xb1231a4a2dd02f2276fa3c5e2a2f3436e6bfed23,-269.874439,0.25,11894.159609375,128,0.3125,0.6875,Neutral,Frequent,Inconsistent,770.756024,1,0
2024-08-02,0xb1231a4a2dd02f2276fa3c5e2a2f3436e6bfed23,770.756024,0.4,2605.112,10,0.2,0.8,Greed,Frequent,Inconsistent,0.0,0,1
2024-08-07,0xb1231a4a2dd02f2276fa3c5e2a2f3436e6bfed23,0.0,0.0,497.64,1,1.0,0.0,Fear,Frequent,Inconsistent,0.0,0,0
2024-08-08,0xb1231a4a2dd02f2276fa3c5e2a2f3436e6bfed23,0.0,0.0,3168.014,5,1.0,0.0,Extreme Fear,Frequent,Inconsistent,0.0,0,0
2024-08-10,0xb1231a4a2dd02f2276fa3c5e2a2f3436e6bfed23,0.0,0.0,0.58,1,0.0,1.0,Fear,Frequent,Inconsistent,0.0,0,0
2024-08-12,0xb1231a4a2dd02f2276fa3c5e2a2f3436e6bfed23,0.0,0.0,3572.0706206896552,145,0.0,1.0,Fear,Frequent,Inconsistent,-826.349863,0,0
2024-09-01,0xb1231a4a2dd02f2276fa3c5e2a2f3436e6bfed23,-826.349863,0.2571428571428571,12429.313857142857,70,0.4,0.6,Fear,Frequent,Inconsistent,0.0,0,0
2024-09-05,0xb1231a4a2dd02f2276fa3c5e2a2f3436e6bfed23,0.0,0.0,1658.5133333333333,3,0.0,1.0,Fear,Frequent,Inconsistent,0.0,0,0
2024-09-06,0xb1231a4a2dd02f2276fa3c5e2a2f3436e6bfed23,0.0,0.0,117.52166666666666,12,1.0,0.0,Extreme Fear,Frequent,Inconsistent,648.984412,1,0
2024-09-07,0xb1231a4a2dd02f2276fa3c5e2a2f3436e6bfed23,648.984412,1.0,182.42999999999998,15,0.0,1.0,Extreme Fear,Frequent,Inconsistent,6783.078347,1,0
2024-09-08,0xb1231a4a2dd02f2276fa3c5e2a2f3436e6bfed23,6783.078347,0.2833333333333333,5447.171666666666,60,0.5166666666666667,0.48333333333333334,Fear,Frequent,Inconsistent,0.0,0,0
2024-09-09,0xb1231a4a2dd02f2276fa3c5e2a2f3436e6bfed23,0.0,0.0,2007.2150000000001,2,1.0,0.0,Fear,Frequent,Inconsistent,-1517.091342,0,0
2024-10-01,0xb1231a4a2dd02f2276fa3c5e2a2f3436e6bfed23,-1517.091342,0.21243523316062177,10660.515440414507,193,0.47668393782383417,0.5233160621761658,Neutral,Frequent,Inconsistent,382.10788099999996,1,0
2024-10-07,0xb1231a4a2dd02f2276fa3c5e2a2f3436e6bfed23,382.10788099999996,0.38461538461538464,1229.4692307692308,13,0.0,1.0,Neutral,Frequent,Inconsistent,0.0,0,0
2024-10-08,0xb1231a4a2dd02f2276fa3c5e2a2f3436e6bfed23,0.0,0.0,130.32885057471265,87,1.0,0.0,Neutral,Frequent,Inconsistent,0.0,0,0
2024-10-09,0xb1231a4a2dd02f2276fa3c5e2a2f3436e6bfed23,0.0,0.0,766.74,1,1.0,0.0,Neutral,Frequent,Inconsistent,-164.08950099999998,0,0
2024-11-01,0xb1231a4a2dd02f2276fa3c5e2a2f3436e6bfed23,-164.08950099999998,0.2631578947368421,13641.064736842105,19,0.5789473684210527,0.42105263157894735,Extreme Greed,Frequent,Inconsistent,983.443176,1,0
2024-11-02,0xb1231a4a2dd02f2276fa3c5e2a2f3436e6bfed23,983.443176,0.20588235294117646,6244.465294117647,34,0.6764705882352942,0.3235294117647059,Greed,Frequent,Inconsistent,4269.550668,1,1
2024-11-06,0xb1231a4a2dd02f2276fa3c5e2a2f3436e6bfed23,4269.550668,0.10666666666666667,1046.24,75,1.0,0.0,Greed,Frequent,Inconsistent,0.0,0,1
2024-11-08,0xb1231a4a2dd02f2276fa3c5e2a2f3436e6bfed23,0.0,0.0,211.8975,16,1.0,0.0,Extreme Greed,Frequent,Inconsistent,274998.942584,1,0
2024-11-12,0xb1231a4a2dd02f2276fa3c5e2a2f3436e6bfed23,274998.942584,1.0,1762.8148717948718,156,0.0,1.0,Extreme Greed,Frequent,Inconsistent,-1925.519024,0,0
2024-12-01,0xb1231a4a2dd02f2276fa3c5e2a2f3436e6bfed23,-1925.519024,0.0,28583.181428571428,7,0.7142857142857143,0.2857142857142857,Extreme Greed,Frequent,Inconsistent,913.8817869999998,1,0
2024-12-02,0xb1231a4a2dd02f2276fa3c5e2a2f3436e6bfed23,913.8817869999998,0.375,14202.981249999999,16,0.6875,0.3125,Extreme Greed,Frequent,Inconsistent,-2830.444513,0,0
2024-12-04,0xb1231a4a2dd02f2276fa3c5e2a2f3436e6bfed23,-2830.444513,0.0,2021.84,15,1.0,0.0,Extreme Greed,Frequent,Inconsistent,0.0,0,0
2024-12-05,0xb1231a4a2dd02f2276fa3c5e2a2f3436e6bfed23,0.0,0.0,782.6861538461538,13,0.5384615384615384,0.46153846153846156,Extreme Greed,Frequent,Inconsistent,0.0,0,0
2024-12-06,0xb1231a4a2dd02f2276fa3c5e2a2f3436e6bfed23,0.0,0.0,41.1072972972973,37,1.0,0.0,Greed,Frequent,Inconsistent,1412.314654,1,1
2024-12-07,0xb1231a4a2dd02f2276fa3c5e2a2f3436e6bfed23,1412.314654,1.0,1508.48,9,1.0,0.0,Extreme Greed,Frequent,Inconsistent,0.0,0,0
2024-12-08,0xb1231a4a2dd02f2276fa3c5e2a2f3436e6bfed23,0.0,0.0,323.4293548387097,31,0.7419354838709677,0.25806451612903225,Extreme Greed,Frequent,Inconsistent,449328.107544,1,0
2024-12-12,0xb1231a4a2dd02f2276fa3c5e2a2f3436e6bfed23,449328.107544,1.0,1430.9824522292993,314,0.0,1.0,Extreme Greed,Frequent,Inconsistent,15452.344326,1,0
2025-01-02,0xb1231a4a2dd02f2276fa3c5e2a2f3436e6bfed23,15452.344326,0.2727272727272727,1400.39,11,1.0,0.0,Greed,Frequent,Inconsistent,102460.17164,1,1
2025-01-05,0xb1231a4a2dd02f2276fa3c5e2a2f3436e6bfed23,102460.17164,0.7808219178082192,3462.1106849315065,73,0.7808219178082192,0.2191780821917808,Greed,Frequent,Inconsistent,0.0,0,1
2025-02-01,0xb1231a4a2dd02f2276fa3c5e2a2f3436e6bfed23,0.0,0.0,1666.6133333333335,6,1.0,0.0,Greed,Frequent,Inconsistent,69051.70619,1,1
2025-02-02,0xb1231a4a2dd02f2276fa3c5e2a2f3436e6bfed23,69051.70619,0.8068181818181818,6537.665,88,1.0,0.0,Greed,Frequent,Inconsistent,0.0,0,1
2025-03-01,0xb1231a4a2dd02f2276fa3c5e2a2f3436e6bfed23,0.0,0.0,557.795,18,1.0,0.0,Extreme Fear,Frequent,Inconsistent,46742.288748,1,0
2025-03-02,0xb1231a4a2dd02f2276fa3c5e2a2f3436e6bfed23,46742.288748,0.3449612403100775,1333.0556976744185,258,0.49224806201550386,0.5077519379844961,Fear,Frequent,Inconsistent,0.0,0,0
2025-03-04,0xb1231a4a2dd02f2276fa3c5e2a2f3436e6bfed23,0.0,0.0,5555.549999999999,9,1.0,0.0,Extreme Fear,Frequent,Inconsistent,1659.7995640000001,1,0
2025-04-01,0xb1231a4a2dd02f2276fa3c5e2a2f3436e6bfed23,1659.7995640000001,0.6842105263157895,1695.0778947368422,19,0.3157894736842105,0.6842105263157895,Fear,Frequent,Inconsistent,16102.444634,1,0
2025-04-02,0xb1231a4a2dd02f2276fa3c5e2a2f3436e6bfed23,16102.444634,0.3600605143721634,2456.432904689864,661,0.3903177004538578,0.6096822995461422,Fear,Frequent,Inconsistent,0.0,0,0
2025-04-03,0xb1231a4a2dd02f2276fa3c5e2a2f3436e6bfed23,0.0,0.0,1769.9948051948052,77,1.0,0.0,Fear,Frequent,Inconsistent,2242.086667,1,0
2025-04-04,0xb1231a4a2dd02f2276fa3c5e2a2f3436e6bfed23,2242.086667,0.6565656565656566,1138.8816161616162,99,0.3434343434343434,0.6565656565656566,Fear,Frequent,Inconsistent,956.5545050000001,1,0
2025-05-01,0xb1231a4a2dd02f2276fa3c5e2a2f3436e6bfed23,956.5545050000001,0.9696969696969697,332.21393939393937,33,0.0,1.0,Neutral,Frequent,Inconsistent,14644.100674,1,0
2025-05-02,0xb1231a4a2dd02f2276fa3c5e2a2f3436e6bfed23,14644.100674,0.42201834862385323,2359.758899082569,218,0.42201834862385323,0.5779816513761468,Greed,Frequent,Inconsistent,,0,1
2025-02-03,0xb899e522b5715391ae1d4f137653e7906c5e2115,34795.678173,0.4838709677419355,24787.07348387097,155,0.5161290322580645,0.4838709677419355,Fear,Frequent,Consistent,535.4072209999999,1,0
2025-03-03,0xb899e522b5715391ae1d4f137653e7906c5e2115,535.4072209999999,0.45161290322580644,16874.44419354839,31,0.5483870967741935,0.45161290322580644,Fear,Frequent,Consistent,361.071464,1,0
2025-03-04,0xb899e522b5715391ae1d4f137653e7906c5e2115,361.071464,0.2916666666666667,28371.712916666667,24,0.5,0.5,Extreme Fear,Frequent,Consistent,4578.655427,1,0
2025-04-03,0xb899e522b5715391ae1d4f137653e7906c5e2115,4578.655427,0.5080645161290323,17691.147903225807,124,0.4112903225806452,0.5887096774193549,Fear,Frequent,Consistent,0.0,0,0
2025-04-04,0xb899e522b5715391ae1d4f137653e7906c5e2115,0.0,0.0,16948.606666666667,6,1.0,0.0,Fear,Frequent,Consistent,,0,0
2025-01-05,0xbaaaf6571ab7d571043ff1e313a9609a10637864,1.86032,1.0,3.9,1,0.0,1.0,Greed,Frequent,Consistent,188114.980392,1,1
2025-02-04,0xbaaaf6571ab7d571043ff1e313a9609a10637864,188114.980392,1.0,3804.6953432032305,743,0.0,1.0,Greed,Frequent,Consistent,3869.208803,1,1
2025-03-04,0xbaaaf6571ab7d571043ff1e313a9609a10637864,3869.208803,0.5080042689434365,4677.174855923159,937,0.46851654215581645,0.5314834578441836,Extreme Fear,Frequent,Consistent,0.0,0,0
2025-04-03,0xbaaaf6571ab7d571043ff1e313a9609a10637864,0.0,0.0,6625.281438721137,563,1.0,0.0,Fear,Frequent,Consistent,9367.872074,1,0
2025-04-04,0xbaaaf6571ab7d571043ff1e313a9609a10637864,9367.872074,0.6792452830188679,2198.7353773584905,318,0.31446540880503143,0.6855345911949685,Fear,Frequent,Consistent,,0,0
2024-10-12,0xbd5fead7180a9c139fa51a103cb6a2ce86ddb5c3,0.0,0.0,2798.660769230769,52,0.0,1.0,Neutral,Frequent,Inconsistent,0.0,0,0
2024-11-12,0xbd5fead7180a9c139fa51a103cb6a2ce86ddb5c3,0.0,0.0,637.4164705882353,17,0.0,1.0,Extreme Greed,Frequent,Inconsistent,0.0,0,0
2024-12-12,0xbd5fead7180a9c139fa51a103cb6a2ce86ddb5c3,0.0,0.0,5158.5,1,0.0,1.0,Extreme Greed,Frequent,Inconsistent,-9311.892185,0,0
2025-01-04,0xbd5fead7180a9c139fa51a103cb6a2ce86ddb5c3,-9311.892185,0.0,5608.603928571429,28,0.7142857142857143,0.2857142857142857,Greed,Frequent,Inconsistent,-113601.02013799999,0,1
2025-01-05,0xbd5fead7180a9c139fa51a103cb6a2ce86ddb5c3,-113601.02013799999,0.008620689655172414,16681.46775862069,116,0.6551724137931034,0.3448275862068966,Greed,Frequent,Inconsistent,-2632.65866,0,1
2025-02-03,0xbd5fead7180a9c139fa51a103cb6a2ce86ddb5c3,-2632.65866,0.0,12216.244880952381,84,1.0,0.0,Fear,Frequent,Inconsistent,2676.6850000000004,1,0
2025-02-04,0xbd5fead7180a9c139fa51a103cb6a2ce86ddb5c3,2676.6850000000004,0.9393939393939394,2821.9739393939394,66,0.0,1.0,Greed,Frequent,Inconsistent,0.0,0,1
2025-03-01,0xbd5fead7180a9c139fa51a103cb6a2ce86ddb5c3,0.0,0.0,1834.7278688524589,61,0.0,1.0,Extreme Fear,Frequent,Inconsistent,160022.95082600001,1,0
2025-03-02,0xbd5fead7180a9c139fa51a103cb6a2ce86ddb5c3,160022.95082600001,1.0,3243.988695652174,69,1.0,0.0,Fear,Frequent,Inconsistent,57561.35367,1,0
2025-03-03,0xbd5fead7180a9c139fa51a103cb6a2ce86ddb5c3,57561.35367,0.8235294117647058,8611.731764705883,136,0.5514705882352942,0.4485294117647059,Fear,Frequent,Inconsistent,-5862.0887760000005,0,0
2025-03-04,0xbd5fead7180a9c139fa51a103cb6a2ce86ddb5c3,-5862.0887760000005,0.0,7051.005833333334,12,1.0,0.0,Extreme Fear,Frequent,Inconsistent,0.0,0,0
2025-04-02,0xbd5fead7180a9c139fa51a103cb6a2ce86ddb5c3,0.0,0.0,3777.777777777778,18,0.0,1.0,Fear,Frequent,Inconsistent,0.0,0,0
2025-04-03,0xbd5fead7180a9c139fa51a103cb6a2ce86ddb5c3,0.0,0.0,86000.0,2,1.0,0.0,Fear,Frequent,Inconsistent,-43753.361578,0,0
2025-04-04,0xbd5fead7180a9c139fa51a103cb6a2ce86ddb5c3,-43753.361578,0.18181818181818182,5448.201969696969,132,0.18181818181818182,0.8181818181818182,Fear,Frequent,Inconsistent,,0,0
2024-08-12,0xbee1707d6b44d4d52bfe19e41f8a828645437aab,15206.395076,0.9130434782608695,3401.4840217391306,92,0.16304347826086957,0.8369565217391305,Fear,Frequent,Consistent,2397.068675,1,0
2024-09-12,0xbee1707d6b44d4d52bfe19e41f8a828645437aab,2397.068675,0.06293706293706294,3120.5087412587413,143,0.9370629370629371,0.06293706293706294,Fear,Frequent,Consistent,26600.990442,1,0
2024-10-12,0xbee1707d6b44d4d52bfe19e41f8a828645437aab,26600.990442,0.5765086206896551,1859.9979202586208,928,0.23706896551724138,0.7629310344827587,Neutral,Frequent,Consistent,24663.690943,1,0
2024-11-12,0xbee1707d6b44d4d52bfe19e41f8a828645437aab,24663.690943,0.9792452830188679,1207.490075471698,530,0.020754716981132074,0.9792452830188679,Extreme Greed,Frequent,Consistent,130826.491662,1,0
2024-12-12,0xbee1707d6b44d4d52bfe19e41f8a828645437aab,130826.491662,0.8146013448607109,2596.416272814601,1041,0.16042267050912584,0.8395773294908742,Extreme Greed,Frequent,Consistent,2954.521713,1,0
2025-01-02,0xbee1707d6b44d4d52bfe19e41f8a828645437aab,2954.521713,0.7112299465240641,1204.9785026737968,187,0.39037433155080214,0.6096256684491979,Greed,Frequent,Consistent,446.358633,1,1
2025-01-03,0xbee1707d6b44d4d52bfe19e41f8a828645437aab,446.358633,0.3137254901960784,1384.9447058823528,51,0.7058823529411765,0.29411764705882354,Greed,Frequent,Consistent,147.445788,1,1
2025-01-04,0xbee1707d6b44d4d52bfe19e41f8a828645437aab,147.445788,0.7714285714285715,1226.783142857143,35,0.5142857142857142,0.4857142857142857,Greed,Frequent,Consistent,1364.022527,1,1
2025-01-05,0xbee1707d6b44d4d52bfe19e41f8a828645437aab,1364.022527,0.3282442748091603,2448.466488549618,131,0.6641221374045801,0.33587786259541985,Greed,Frequent,Consistent,-329.680689,0,1
2025-02-02,0xbee1707d6b44d4d52bfe19e41f8a828645437aab,-329.680689,0.2900763358778626,1839.5793129770993,131,0.5572519083969466,0.44274809160305345,Greed,Frequent,Consistent,2576.6453030000002,1,1
2025-02-03,0xbee1707d6b44d4d52bfe19e41f8a828645437aab,2576.6453030000002,0.5392156862745098,1921.2604901960785,102,0.3137254901960784,0.6862745098039216,Fear,Frequent,Consistent,1842.839943,1,0
2025-02-04,0xbee1707d6b44d4d52bfe19e41f8a828645437aab,1842.839943,0.6440677966101694,991.0424576271186,118,0.4491525423728814,0.5508474576271186,Greed,Frequent,Consistent,5803.573999,1,1
2025-03-02,0xbee1707d6b44d4d52bfe19e41f8a828645437aab,5803.573999,0.4246153846153846,1758.0771384615382,325,0.38769230769230767,0.6123076923076923,Fear,Frequent,Consistent,2448.046511,1,0
2025-03-03,0xbee1707d6b44d4d52bfe19e41f8a828645437aab,2448.046511,0.6575342465753424,1970.5965753424655,73,0.7671232876712328,0.2328767123287671,Fear,Frequent,Consistent,-3368.876326,0,0
2025-03-04,0xbee1707d6b44d4d52bfe19e41f8a828645437aab,-3368.876326,0.0,1706.5415708812259,261,0.735632183908046,0.26436781609195403,Extreme Fear,Frequent,Consistent,806.765131,1,0
2025-04-02,0xbee1707d6b44d4d52bfe19e41f8a828645437aab,806.765131,0.2862903225806452,1351.8856048387097,248,0.39919354838709675,0.6008064516129032,Fear,Frequent,Consistent,-4934.6700519999995,0,0
2025-04-03,0xbee1707d6b44d4d52bfe19e41f8a828645437aab,-4934.6700519999995,0.38508682328907046,1496.3304392236976,979,0.4902962206332993,0.5097037793667007,Fear,Frequent,Consistent,-4513.160132,0,0
2025-04-04,0xbee1707d6b44d4d52bfe19e41f8a828645437aab,-4513.160132,0.15950920245398773,1419.9448159509202,326,0.37423312883435583,0.6257668711656442,Fear,Frequent,Consistent,713.82809,1,0
2025-05-02,0xbee1707d6b44d4d52bfe19e41f8a828645437aab,713.82809,0.7857142857142857,3668.815,14,0.7857142857142857,0.21428571428571427,Greed,Frequent,Consistent,,0,1
